sent_id,item_id,verb,sentence_type,attachment,plurality,sentence,critical_token,critical_prob,logprob
1,1,scold,IC,high,sg,Anna scolded the chef of the aristocrats who was, was,-3.538207530975342,"[(' sc', -9.480382919311523), ('olded', -2.7512776851654053), (' the', -2.3421854972839355), (' chef', -7.276005744934082), (' of', -4.477642059326172), (' the', -1.258042812347412), (' arist', -11.075675964355469), ('ocrats', -2.3200442790985107), (' who', -2.0660109519958496), (' was', -3.538207530975342)]"
2,1,study,nonIC,high,sg,Anna studied with the chef of the aristocrats who was, was,-3.1364235877990723,"[(' studied', -10.819318771362305), (' with', -3.6210427284240723), (' the', -2.8300094604492188), (' chef', -8.791770935058594), (' of', -4.1600189208984375), (' the', -0.894258439540863), (' arist', -10.7057523727417), ('ocrats', -3.286210298538208), (' who', -2.8442864418029785), (' was', -3.1364235877990723)]"
3,1,scold,IC,low,pl,Anna scolded the chef of the aristocrats who were, were,-1.9074169397354126,"[(' sc', -9.480382919311523), ('olded', -2.7512776851654053), (' the', -2.3421854972839355), (' chef', -7.276005744934082), (' of', -4.477642059326172), (' the', -1.258042812347412), (' arist', -11.075675964355469), ('ocrats', -2.3200442790985107), (' who', -2.0660109519958496), (' were', -1.9074169397354126)]"
4,1,study,nonIC,low,pl,Anna studied with the chef of the aristocrats who were, were,-1.9620003700256348,"[(' studied', -10.819318771362305), (' with', -3.6210427284240723), (' the', -2.8300094604492188), (' chef', -8.791770935058594), (' of', -4.1600189208984375), (' the', -0.894258439540863), (' arist', -10.7057523727417), ('ocrats', -3.286210298538208), (' who', -2.8442864418029785), (' were', -1.9620003700256348)]"
5,2,stare,IC,high,sg,John stared at the teacher of the second graders who was, was,-1.4982430934906006,"[(' stared', -11.85787582397461), (' at', -0.5964218378067017), (' the', -1.4035959243774414), (' teacher', -8.62015151977539), (' of', -5.552774429321289), (' the', -0.864142894744873), (' second', -4.065651893615723), (' grad', -5.990596294403076), ('ers', -1.6750128269195557), (' who', -2.839785575866699), (' was', -1.4982430934906006)]"
6,2,live,nonIC,high,sg,John lived next to the teacher of the second graders who was, was,-2.6108169555664062,"[(' lived', -10.2154541015625), (' next', -5.388871192932129), (' to', -1.8511606454849243), (' the', -2.0083932876586914), (' teacher', -7.9463653564453125), (' of', -3.423872232437134), (' the', -0.966829240322113), (' second', -5.1009416580200195), (' grad', -5.566834449768066), ('ers', -1.3101036548614502), (' who', -2.7776215076446533), (' was', -2.6108169555664062)]"
7,2,stare,IC,low,pl,John stared at the teacher of the second graders who were, were,-2.629842519760132,"[(' stared', -11.85787582397461), (' at', -0.5964218378067017), (' the', -1.4035959243774414), (' teacher', -8.62015151977539), (' of', -5.552774429321289), (' the', -0.864142894744873), (' second', -4.065651893615723), (' grad', -5.990596294403076), ('ers', -1.6750128269195557), (' who', -2.839785575866699), (' were', -2.629842519760132)]"
8,2,live,nonIC,low,pl,John lived next to the teacher of the second graders who were, were,-1.6730653047561646,"[(' lived', -10.2154541015625), (' next', -5.388871192932129), (' to', -1.8511606454849243), (' the', -2.0083932876586914), (' teacher', -7.9463653564453125), (' of', -3.423872232437134), (' the', -0.966829240322113), (' second', -5.1009416580200195), (' grad', -5.566834449768066), ('ers', -1.3101036548614502), (' who', -2.7776215076446533), (' were', -1.6730653047561646)]"
9,3,assist,IC,high,sg,Jenny assisted the maid of the executives who was, was,-3.769540309906006,"[('enny', -9.215071678161621), (' assisted', -12.458076477050781), (' the', -2.71966552734375), (' maid', -8.95539665222168), (' of', -4.307809829711914), (' the', -4.003599643707275), (' executives', -11.367727279663086), (' who', -3.142739772796631), (' was', -3.769540309906006)]"
10,3,joke,nonIC,high,sg,Jenny joked with the maid of the executives who was, was,-3.684569835662842,"[('enny', -9.215071678161621), (' joked', -9.054389953613281), (' with', -3.2841038703918457), (' the', -2.425880193710327), (' maid', -8.247114181518555), (' of', -4.110795974731445), (' the', -4.018124580383301), (' executives', -11.485652923583984), (' who', -3.4700469970703125), (' was', -3.684569835662842)]"
11,3,assist,IC,low,pl,Jenny assisted the maid of the executives who were, were,-1.77426278591156,"[('enny', -9.215071678161621), (' assisted', -12.458076477050781), (' the', -2.71966552734375), (' maid', -8.95539665222168), (' of', -4.307809829711914), (' the', -4.003599643707275), (' executives', -11.367727279663086), (' who', -3.142739772796631), (' were', -1.77426278591156)]"
12,3,joke,nonIC,low,pl,Jenny joked with the maid of the executives who were, were,-1.8330836296081543,"[('enny', -9.215071678161621), (' joked', -9.054389953613281), (' with', -3.2841038703918457), (' the', -2.425880193710327), (' maid', -8.247114181518555), (' of', -4.110795974731445), (' the', -4.018124580383301), (' executives', -11.485652923583984), (' who', -3.4700469970703125), (' were', -1.8330836296081543)]"
13,4,trust,IC,high,sg,Nick trusted the captain of the sailors who has, has,-8.215255737304688,"[(' trusted', -12.115035057067871), (' the', -2.7669851779937744), (' captain', -7.305087089538574), (' of', -2.6129908561706543), (' the', -0.7516987323760986), (' sailors', -9.365804672241211), (' who', -2.0167956352233887), (' has', -8.215255737304688)]"
14,4,stand,nonIC,high,sg,Nick stood near the captain of the sailors who has, has,-9.203534126281738,"[(' stood', -9.830355644226074), (' near', -5.376206874847412), (' the', -0.8726889491081238), (' captain', -7.710197448730469), (' of', -3.1926465034484863), (' the', -0.336431086063385), (' sailors', -9.430889129638672), (' who', -2.6477794647216797), (' has', -9.203534126281738)]"
15,4,trust,IC,low,pl,Nick trusted the captain of the sailors who have, have,-6.034706115722656,"[(' trusted', -12.115035057067871), (' the', -2.7669851779937744), (' captain', -7.305087089538574), (' of', -2.6129908561706543), (' the', -0.7516987323760986), (' sailors', -9.365804672241211), (' who', -2.0167956352233887), (' have', -6.034706115722656)]"
16,4,stand,nonIC,low,pl,Nick stood near the captain of the sailors who have, have,-6.582813739776611,"[(' stood', -9.830355644226074), (' near', -5.376206874847412), (' the', -0.8726889491081238), (' captain', -7.710197448730469), (' of', -3.1926465034484863), (' the', -0.336431086063385), (' sailors', -9.430889129638672), (' who', -2.6477794647216797), (' have', -6.582813739776611)]"
17,5,correct,IC,high,sg,Angela corrected the secretary of the lawyers who was, was,-4.711859703063965,"[('ela', -8.746016502380371), (' corrected', -11.830218315124512), (' the', -2.26005482673645), (' secretary', -9.366732597351074), (' of', -1.651921272277832), (' the', -3.2182836532592773), (' lawyers', -11.285154342651367), (' who', -2.7216787338256836), (' was', -4.711859703063965)]"
18,5,gossip,nonIC,high,sg,Angela gossiped with the secretary of the lawyers who was, was,-3.38131046295166,"[('ela', -8.746016502380371), (' gossip', -15.540278434753418), ('ed', -0.3926905393600464), (' with', -2.2637786865234375), (' the', -2.3959004878997803), (' secretary', -6.825747489929199), (' of', -1.6507247686386108), (' the', -1.398181438446045), (' lawyers', -10.07398509979248), (' who', -2.844062328338623), (' was', -3.38131046295166)]"
19,5,correct,IC,low,pl,Angela corrected the secretary of the lawyers who were, were,-2.297224998474121,"[('ela', -8.746016502380371), (' corrected', -11.830218315124512), (' the', -2.26005482673645), (' secretary', -9.366732597351074), (' of', -1.651921272277832), (' the', -3.2182836532592773), (' lawyers', -11.285154342651367), (' who', -2.7216787338256836), (' were', -2.297224998474121)]"
20,5,gossip,nonIC,low,pl,Angela gossiped with the secretary of the lawyers who were, were,-1.9894646406173706,"[('ela', -8.746016502380371), (' gossip', -15.540278434753418), ('ed', -0.3926905393600464), (' with', -2.2637786865234375), (' the', -2.3959004878997803), (' secretary', -6.825747489929199), (' of', -1.6507247686386108), (' the', -1.398181438446045), (' lawyers', -10.07398509979248), (' who', -2.844062328338623), (' were', -1.9894646406173706)]"
21,6,comfort,IC,high,sg,Bob comforted the leader of the activists who was, was,-5.172565460205078,"[(' comfort', -12.009735107421875), ('ed', -0.23319721221923828), (' the', -1.8910013437271118), (' leader', -7.0670485496521), (' of', -0.9101734757423401), (' the', -0.5241624712944031), (' activists', -9.811689376831055), (' who', -2.3784170150756836), (' was', -5.172565460205078)]"
22,6,greet,nonIC,high,sg,Bob greeted the leader of the activists who was, was,-5.052867412567139,"[(' greeted', -12.160263061523438), (' the', -2.209444046020508), (' leader', -6.166547775268555), (' of', -0.5900410413742065), (' the', -0.502937912940979), (' activists', -9.832590103149414), (' who', -2.822319984436035), (' was', -5.052867412567139)]"
23,6,comfort,IC,low,pl,Bob comforted the leader of the activists who were, were,-1.8055914640426636,"[(' comfort', -12.009735107421875), ('ed', -0.23319721221923828), (' the', -1.8910013437271118), (' leader', -7.0670485496521), (' of', -0.9101734757423401), (' the', -0.5241624712944031), (' activists', -9.811689376831055), (' who', -2.3784170150756836), (' were', -1.8055914640426636)]"
24,6,greet,nonIC,low,pl,Bob greeted the leader of the activists who were, were,-1.7698092460632324,"[(' greeted', -12.160263061523438), (' the', -2.209444046020508), (' leader', -6.166547775268555), (' of', -0.5900410413742065), (' the', -0.502937912940979), (' activists', -9.832590103149414), (' who', -2.822319984436035), (' were', -1.7698092460632324)]"
25,7,envy,IC,high,sg,Laura envies the manager of the cashiers who has, has,-4.771984577178955,"[(' env', -11.683858871459961), ('ies', -1.4130594730377197), (' the', -1.3234834671020508), (' manager', -9.622868537902832), (' of', -1.5087743997573853), (' the', -1.1249661445617676), (' cash', -8.840023040771484), ('iers', -4.312533855438232), (' who', -4.0154805183410645), (' has', -4.771984577178955)]"
26,7,know,nonIC,high,sg,Laura knows the manager of the cashiers who has, has,-4.79630184173584,"[(' knows', -8.803068161010742), (' the', -2.6180882453918457), (' manager', -8.459395408630371), (' of', -1.7714154720306396), (' the', -1.0503573417663574), (' cash', -8.108683586120605), ('iers', -4.113807201385498), (' who', -3.710904121398926), (' has', -4.79630184173584)]"
27,7,envy,IC,low,pl,Laura envies the manager of the cashiers who have, have,-3.4492993354797363,"[(' env', -11.683858871459961), ('ies', -1.4130594730377197), (' the', -1.3234834671020508), (' manager', -9.622868537902832), (' of', -1.5087743997573853), (' the', -1.1249661445617676), (' cash', -8.840023040771484), ('iers', -4.312533855438232), (' who', -4.0154805183410645), (' have', -3.4492993354797363)]"
28,7,know,nonIC,low,pl,Laura knows the manager of the cashiers who have, have,-3.5574405193328857,"[(' knows', -8.803068161010742), (' the', -2.6180882453918457), (' manager', -8.459395408630371), (' of', -1.7714154720306396), (' the', -1.0503573417663574), (' cash', -8.108683586120605), ('iers', -4.113807201385498), (' who', -3.710904121398926), (' have', -3.5574405193328857)]"
29,8,value,IC,high,sg,Zack valued the daughter of the shopkeepers who was, was,-4.269887447357178,"[('ack', -8.260766983032227), (' valued', -13.269351959228516), (' the', -1.2951234579086304), (' daughter', -9.511260986328125), (' of', -0.7902470827102661), (' the', -2.393634796142578), (' shop', -8.520590782165527), ('keepers', -4.085535526275635), (' who', -2.7608327865600586), (' was', -4.269887447357178)]"
30,8,recognize,nonIC,high,sg,Zack recognized the daughter of the shopkeepers who was, was,-3.6437525749206543,"[('ack', -8.260766983032227), (' recognized', -9.695789337158203), (' the', -1.4645403623580933), (' daughter', -10.567935943603516), (' of', -0.6963440179824829), (' the', -2.001528024673462), (' shop', -8.530759811401367), ('keepers', -4.009908676147461), (' who', -2.3371589183807373), (' was', -3.6437525749206543)]"
31,8,value,IC,low,pl,Zack valued the daughter of the shopkeepers who were, were,-2.5855612754821777,"[('ack', -8.260766983032227), (' valued', -13.269351959228516), (' the', -1.2951234579086304), (' daughter', -9.511260986328125), (' of', -0.7902470827102661), (' the', -2.393634796142578), (' shop', -8.520590782165527), ('keepers', -4.085535526275635), (' who', -2.7608327865600586), (' were', -2.5855612754821777)]"
32,8,recognize,nonIC,low,pl,Zack recognized the daughter of the shopkeepers who were, were,-2.061011791229248,"[('ack', -8.260766983032227), (' recognized', -9.695789337158203), (' the', -1.4645403623580933), (' daughter', -10.567935943603516), (' of', -0.6963440179824829), (' the', -2.001528024673462), (' shop', -8.530759811401367), ('keepers', -4.009908676147461), (' who', -2.3371589183807373), (' were', -2.061011791229248)]"
33,9,fear,IC,high,sg,Sarah fears the uncle of the toddlers who is, is,-5.111242294311523,"[(' fears', -10.918296813964844), (' the', -2.1511731147766113), (' uncle', -11.36075496673584), (' of', -2.5917510986328125), (' the', -1.862463355064392), (' toddlers', -10.404836654663086), (' who', -2.7253479957580566), (' is', -5.111242294311523)]"
34,9,jog,nonIC,high,sg,Sarah jogs with the uncle of the toddlers who is, is,-2.6152968406677246,"[(' j', -8.668800354003906), ('ogs', -6.983060359954834), (' with', -4.545534133911133), (' the', -2.4432787895202637), (' uncle', -10.279905319213867), (' of', -1.969950556755066), (' the', -1.702890396118164), (' toddlers', -11.141799926757812), (' who', -2.8724865913391113), (' is', -2.6152968406677246)]"
35,9,fear,IC,low,pl,Sarah fears the uncle of the toddlers who are, are,-2.402517318725586,"[(' fears', -10.918296813964844), (' the', -2.1511731147766113), (' uncle', -11.36075496673584), (' of', -2.5917510986328125), (' the', -1.862463355064392), (' toddlers', -10.404836654663086), (' who', -2.7253479957580566), (' are', -2.402517318725586)]"
36,9,jog,nonIC,low,pl,Sarah jogs with the uncle of the toddlers who are, are,-2.3658690452575684,"[(' j', -8.668800354003906), ('ogs', -6.983060359954834), (' with', -4.545534133911133), (' the', -2.4432787895202637), (' uncle', -10.279905319213867), (' of', -1.969950556755066), (' the', -1.702890396118164), (' toddlers', -11.141799926757812), (' who', -2.8724865913391113), (' are', -2.3658690452575684)]"
37,10,notice,IC,high,sg,Adam noticed the representative of the employees who was, was,-3.286954402923584,"[(' noticed', -10.817087173461914), (' the', -2.2939462661743164), (' representative', -11.532516479492188), (' of', -2.046663761138916), (' the', -0.9834959506988525), (' employees', -9.575860977172852), (' who', -2.3539490699768066), (' was', -3.286954402923584)]"
38,10,resemble,nonIC,high,sg,Adam resembled the representative of the employees who was, was,-4.566834449768066,"[(' resembled', -12.555532455444336), (' the', -1.8456599712371826), (' representative', -9.254033088684082), (' of', -0.5542414784431458), (' the', -1.264952301979065), (' employees', -10.571870803833008), (' who', -2.2728586196899414), (' was', -4.566834449768066)]"
39,10,notice,IC,low,pl,Adam noticed the representative of the employees who were, were,-1.8254753351211548,"[(' noticed', -10.817087173461914), (' the', -2.2939462661743164), (' representative', -11.532516479492188), (' of', -2.046663761138916), (' the', -0.9834959506988525), (' employees', -9.575860977172852), (' who', -2.3539490699768066), (' were', -1.8254753351211548)]"
40,10,resemble,nonIC,low,pl,Adam resembled the representative of the employees who were, were,-2.186211347579956,"[(' resembled', -12.555532455444336), (' the', -1.8456599712371826), (' representative', -9.254033088684082), (' of', -0.5542414784431458), (' the', -1.264952301979065), (' employees', -10.571870803833008), (' who', -2.2728586196899414), (' were', -2.186211347579956)]"
41,11,praise,IC,high,pl,Tina praised the gardeners of the millionaire who have, have,-3.351477861404419,"[('ina', -8.422158241271973), (' praised', -11.76224136352539), (' the', -1.0824074745178223), (' garden', -10.672012329101562), ('ers', -2.7921383380889893), (' of', -4.62905216217041), (' the', -1.6579986810684204), (' millionaire', -12.689586639404297), (' who', -6.769898414611816), (' have', -3.351477861404419)]"
42,11,meet,nonIC,high,pl,Tina met the gardeners of the millionaire who have, have,-4.341451644897461,"[('ina', -8.422158241271973), (' met', -10.21713638305664), (' the', -2.3611326217651367), (' garden', -11.981954574584961), ('ers', -2.1923704147338867), (' of', -4.27243709564209), (' the', -1.6587300300598145), (' millionaire', -11.688163757324219), (' who', -6.359428405761719), (' have', -4.341451644897461)]"
43,11,praise,IC,low,sg,Tina praised the gardeners of the millionaire who has, has,-5.20822811126709,"[('ina', -8.422158241271973), (' praised', -11.76224136352539), (' the', -1.0824074745178223), (' garden', -10.672012329101562), ('ers', -2.7921383380889893), (' of', -4.62905216217041), (' the', -1.6579986810684204), (' millionaire', -12.689586639404297), (' who', -6.769898414611816), (' has', -5.20822811126709)]"
44,11,meet,nonIC,low,sg,Tina met the gardeners of the millionaire who has, has,-5.634679794311523,"[('ina', -8.422158241271973), (' met', -10.21713638305664), (' the', -2.3611326217651367), (' garden', -11.981954574584961), ('ers', -2.1923704147338867), (' of', -4.27243709564209), (' the', -1.6587300300598145), (' millionaire', -11.688163757324219), (' who', -6.359428405761719), (' has', -5.634679794311523)]"
45,12,hate,IC,high,pl,Justin hates the cousins of the accountant who are, are,-5.00953483581543,"[(' hates', -11.586061477661133), (' the', -2.5572636127471924), (' cousins', -11.978479385375977), (' of', -3.028331995010376), (' the', -1.9112600088119507), (' accountant', -10.415258407592773), (' who', -1.82050621509552), (' are', -5.00953483581543)]"
46,12,carpool,nonIC,high,pl,Justin carpools with the cousins of the accountant who are, are,-5.683380126953125,"[(' car', -9.400957107543945), ('pool', -4.687755107879639), ('s', -2.057577610015869), (' with', -3.5422656536102295), (' the', -3.055433988571167), (' cousins', -9.718823432922363), (' of', -2.358841896057129), (' the', -2.0968921184539795), (' accountant', -10.4261474609375), (' who', -1.8615541458129883), (' are', -5.683380126953125)]"
47,12,hate,IC,low,sg,Justin hates the cousins of the accountant who is, is,-3.6707212924957275,"[(' hates', -11.586061477661133), (' the', -2.5572636127471924), (' cousins', -11.978479385375977), (' of', -3.028331995010376), (' the', -1.9112600088119507), (' accountant', -10.415258407592773), (' who', -1.82050621509552), (' is', -3.6707212924957275)]"
48,12,carpool,nonIC,low,sg,Justin carpools with the cousins of the accountant who is, is,-3.5059127807617188,"[(' car', -9.400957107543945), ('pool', -4.687755107879639), ('s', -2.057577610015869), (' with', -3.5422656536102295), (' the', -3.055433988571167), (' cousins', -9.718823432922363), (' of', -2.358841896057129), (' the', -2.0968921184539795), (' accountant', -10.4261474609375), (' who', -1.8615541458129883), (' is', -3.5059127807617188)]"
49,13,blame,IC,high,pl,Emily blamed the nieces of the florist who have, have,-5.798874855041504,"[(' blamed', -10.733977317810059), (' the', -1.4533894062042236), (' n', -7.761569976806641), ('ie', -5.714014053344727), ('ces', -0.007700520101934671), (' of', -4.16804313659668), (' the', -1.132077693939209), (' fl', -8.084527969360352), ('or', -2.643890380859375), ('ist', -0.8285034894943237), (' who', -3.335348129272461), (' have', -5.798874855041504)]"
50,13,wait,nonIC,high,pl,Emily waited with the nieces of the florist who have, have,-6.8512115478515625,"[(' waited', -11.176787376403809), (' with', -4.059683799743652), (' the', -2.8910374641418457), (' n', -8.286385536193848), ('ie', -4.946354866027832), ('ces', -0.002544738817960024), (' of', -4.996739387512207), (' the', -0.9172622561454773), (' fl', -7.689723968505859), ('or', -2.7398033142089844), ('ist', -0.9764024615287781), (' who', -3.7566275596618652), (' have', -6.8512115478515625)]"
51,13,blame,IC,low,sg,Emily blamed the nieces of the florist who has, has,-8.087929725646973,"[(' blamed', -10.733977317810059), (' the', -1.4533894062042236), (' n', -7.761569976806641), ('ie', -5.714014053344727), ('ces', -0.007700520101934671), (' of', -4.16804313659668), (' the', -1.132077693939209), (' fl', -8.084527969360352), ('or', -2.643890380859375), ('ist', -0.8285034894943237), (' who', -3.335348129272461), (' has', -8.087929725646973)]"
52,13,wait,nonIC,low,sg,Emily waited with the nieces of the florist who has, has,-6.889564514160156,"[(' waited', -11.176787376403809), (' with', -4.059683799743652), (' the', -2.8910374641418457), (' n', -8.286385536193848), ('ie', -4.946354866027832), ('ces', -0.002544738817960024), (' of', -4.996739387512207), (' the', -0.9172622561454773), (' fl', -7.689723968505859), ('or', -2.7398033142089844), ('ist', -0.9764024615287781), (' who', -3.7566275596618652), (' has', -6.889564514160156)]"
53,14,help,IC,high,pl,Joe helped the brothers of the athlete who are, are,-6.777183532714844,"[(' helped', -9.685056686401367), (' the', -2.6508753299713135), (' brothers', -8.256227493286133), (' of', -5.800553321838379), (' the', -2.1256349086761475), (' athlete', -10.357449531555176), (' who', -3.6226911544799805), (' are', -6.777183532714844)]"
54,14,run,nonIC,high,pl,Joe ran into the brothers of the athlete who are, are,-6.230597972869873,"[(' ran', -9.717802047729492), (' into', -2.835822343826294), (' the', -2.2893993854522705), (' brothers', -8.924843788146973), (' of', -4.484677314758301), (' the', -1.685568928718567), (' athlete', -10.451240539550781), (' who', -2.106562376022339), (' are', -6.230597972869873)]"
55,14,help,IC,low,sg,Joe helped the brothers of the athlete who is, is,-3.9770658016204834,"[(' helped', -9.685056686401367), (' the', -2.6508753299713135), (' brothers', -8.256227493286133), (' of', -5.800553321838379), (' the', -2.1256349086761475), (' athlete', -10.357449531555176), (' who', -3.6226911544799805), (' is', -3.9770658016204834)]"
56,14,run,nonIC,low,sg,Joe ran into the brothers of the athlete who is, is,-3.883269786834717,"[(' ran', -9.717802047729492), (' into', -2.835822343826294), (' the', -2.2893993854522705), (' brothers', -8.924843788146973), (' of', -4.484677314758301), (' the', -1.685568928718567), (' athlete', -10.451240539550781), (' who', -2.106562376022339), (' is', -3.883269786834717)]"
57,15,reproeach,IC,high,pl,Jessica reproached the doctors of the supermodel who were, were,-3.094809055328369,"[(' repro', -14.668539047241211), ('ached', -0.5371372103691101), (' the', -1.9537074565887451), (' doctors', -7.29180908203125), (' of', -3.6124744415283203), (' the', -1.170533299446106), (' super', -9.715017318725586), ('model', -5.389401435852051), (' who', -3.7446024417877197), (' were', -3.094809055328369)]"
58,15,work,nonIC,high,pl,Jessica worked with the doctors of the supermodel who were, were,-3.6122870445251465,"[(' worked', -9.932939529418945), (' with', -2.0559911727905273), (' the', -2.112248420715332), (' doctors', -8.097569465637207), (' of', -4.435003280639648), (' the', -0.997288167476654), (' super', -9.785648345947266), ('model', -4.445619583129883), (' who', -4.606312274932861), (' were', -3.6122870445251465)]"
59,15,reproeach,IC,low,sg,Jessica reproached the doctors of the supermodel who was, was,-2.932943820953369,"[(' repro', -14.668539047241211), ('ached', -0.5371372103691101), (' the', -1.9537074565887451), (' doctors', -7.29180908203125), (' of', -3.6124744415283203), (' the', -1.170533299446106), (' super', -9.715017318725586), ('model', -5.389401435852051), (' who', -3.7446024417877197), (' was', -2.932943820953369)]"
60,15,work,nonIC,low,sg,Jessica worked with the doctors of the supermodel who was, was,-2.0968756675720215,"[(' worked', -9.932939529418945), (' with', -2.0559911727905273), (' the', -2.112248420715332), (' doctors', -8.097569465637207), (' of', -4.435003280639648), (' the', -0.997288167476654), (' super', -9.785648345947266), ('model', -4.445619583129883), (' who', -4.606312274932861), (' was', -2.0968756675720215)]"
61,16,pacify,IC,high,pl,Brian pacified the associates of the businessman who were, were,-4.204126358032227,"[(' pac', -13.278083801269531), ('ified', -0.6925454139709473), (' the', -1.4766095876693726), (' associates', -12.784551620483398), (' of', -1.9235501289367676), (' the', -1.3710556030273438), (' businessman', -8.2767972946167), (' who', -1.889593243598938), (' were', -4.204126358032227)]"
62,16,visit,nonIC,high,pl,Brian visited the associates of the businessman who were, were,-4.913405418395996,"[(' visited', -10.696956634521484), (' the', -1.2192363739013672), (' associates', -13.1764497756958), (' of', -0.9321081042289734), (' the', -1.9079406261444092), (' businessman', -7.050985336303711), (' who', -1.7004965543746948), (' were', -4.913405418395996)]"
63,16,pacify,IC,low,sg,Brian pacified the associates of the businessman who was, was,-1.956415057182312,"[(' pac', -13.278083801269531), ('ified', -0.6925454139709473), (' the', -1.4766095876693726), (' associates', -12.784551620483398), (' of', -1.9235501289367676), (' the', -1.3710556030273438), (' businessman', -8.2767972946167), (' who', -1.889593243598938), (' was', -1.956415057182312)]"
64,16,visit,nonIC,low,sg,Brian visited the associates of the businessman who was, was,-2.239394187927246,"[(' visited', -10.696956634521484), (' the', -1.2192363739013672), (' associates', -13.1764497756958), (' of', -0.9321081042289734), (' the', -1.9079406261444092), (' businessman', -7.050985336303711), (' who', -1.7004965543746948), (' was', -2.239394187927246)]"
65,17,detest,IC,high,pl,Melissa detests the children of the musician who are, are,-4.6739397048950195,"[('issa', -8.246203422546387), (' det', -12.299434661865234), ('ests', -1.6260392665863037), (' the', -1.5762096643447876), (' children', -7.396345138549805), (' of', -2.5927023887634277), (' the', -2.078084945678711), (' musician', -11.581401824951172), (' who', -2.1352710723876953), (' are', -4.6739397048950195)]"
66,17,babysit,nonIC,high,pl,Melissa babysits the children of the musician who are, are,-6.79362678527832,"[('issa', -8.246203422546387), (' babys', -13.84256362915039), ('its', -1.334804654121399), (' the', -2.724073648452759), (' children', -2.9658024311065674), (' of', -2.6538898944854736), (' the', -2.303043842315674), (' musician', -9.437143325805664), (' who', -2.467081308364868), (' are', -6.79362678527832)]"
67,17,detest,IC,low,sg,Melissa detests the children of the musician who is, is,-3.4247026443481445,"[('issa', -8.246203422546387), (' det', -12.299434661865234), ('ests', -1.6260392665863037), (' the', -1.5762096643447876), (' children', -7.396345138549805), (' of', -2.5927023887634277), (' the', -2.078084945678711), (' musician', -11.581401824951172), (' who', -2.1352710723876953), (' is', -3.4247026443481445)]"
68,17,babysit,nonIC,low,sg,Melissa babysits the children of the musician who is, is,-2.605692148208618,"[('issa', -8.246203422546387), (' babys', -13.84256362915039), ('its', -1.334804654121399), (' the', -2.724073648452759), (' children', -2.9658024311065674), (' of', -2.6538898944854736), (' the', -2.303043842315674), (' musician', -9.437143325805664), (' who', -2.467081308364868), (' is', -2.605692148208618)]"
69,18,thank,IC,high,pl,Frank thanked the servants of the dictator who are, are,-5.14348030090332,"[(' thanked', -11.946792602539062), (' the', -1.7855793237686157), (' servants', -10.315725326538086), (' of', -1.862028956413269), (' the', -0.9751705527305603), (' dictator', -9.056683540344238), (' who', -3.213937759399414), (' are', -5.14348030090332)]"
70,18,talk,nonIC,high,pl,Frank talked to the servants of the dictator who are, are,-4.406654357910156,"[(' talked', -10.20144271850586), (' to', -1.2590138912200928), (' the', -2.4888906478881836), (' servants', -12.4987154006958), (' of', -1.351497769355774), (' the', -1.0809541940689087), (' dictator', -7.944612503051758), (' who', -3.6225075721740723), (' are', -4.406654357910156)]"
71,18,thank,IC,low,sg,Frank thanked the servants of the dictator who is, is,-7.253236770629883,"[(' thanked', -11.946792602539062), (' the', -1.7855793237686157), (' servants', -10.315725326538086), (' of', -1.862028956413269), (' the', -0.9751705527305603), (' dictator', -9.056683540344238), (' who', -3.213937759399414), (' is', -7.253236770629883)]"
72,18,talk,nonIC,low,sg,Frank talked to the servants of the dictator who is, is,-4.692115783691406,"[(' talked', -10.20144271850586), (' to', -1.2590138912200928), (' the', -2.4888906478881836), (' servants', -12.4987154006958), (' of', -1.351497769355774), (' the', -1.0809541940689087), (' dictator', -7.944612503051758), (' who', -3.6225075721740723), (' is', -4.692115783691406)]"
73,19,congratulate,IC,high,pl,Tracy congratulated the bodyguards of the celebrity who were, were,-1.6185407638549805,"[('acy', -6.957303524017334), (' congratulated', -12.414033889770508), (' the', -2.2828686237335205), (' body', -7.270824432373047), ('guards', -5.766016483306885), (' of', -2.907378911972046), (' the', -1.0872820615768433), (' celebrity', -9.956609725952148), (' who', -3.362569808959961), (' were', -1.6185407638549805)]"
74,19,chat,nonIC,high,pl,Tracy chatted with the bodyguards of the celebrity who were, were,-1.8602436780929565,"[('acy', -6.957303524017334), (' ch', -9.634180068969727), ('atted', -6.5461812019348145), (' with', -0.675879180431366), (' the', -2.708397150039673), (' body', -8.609233856201172), ('guards', -4.4287214279174805), (' of', -2.9384241104125977), (' the', -1.265708088874817), (' celebrity', -9.63747787475586), (' who', -3.714667797088623), (' were', -1.8602436780929565)]"
75,19,congratulate,IC,low,sg,Tracy congratulated the bodyguards of the celebrity who was, was,-3.7193784713745117,"[('acy', -6.957303524017334), (' congratulated', -12.414033889770508), (' the', -2.2828686237335205), (' body', -7.270824432373047), ('guards', -5.766016483306885), (' of', -2.907378911972046), (' the', -1.0872820615768433), (' celebrity', -9.956609725952148), (' who', -3.362569808959961), (' was', -3.7193784713745117)]"
76,19,chat,nonIC,low,sg,Tracy chatted with the bodyguards of the celebrity who was, was,-3.2243642807006836,"[('acy', -6.957303524017334), (' ch', -9.634180068969727), ('atted', -6.5461812019348145), (' with', -0.675879180431366), (' the', -2.708397150039673), (' body', -8.609233856201172), ('guards', -4.4287214279174805), (' of', -2.9384241104125977), (' the', -1.265708088874817), (' celebrity', -9.63747787475586), (' who', -3.714667797088623), (' was', -3.2243642807006836)]"
77,20,mock,IC,high,pl,Kevin mocked the fans of the singer who were, were,-2.890331506729126,"[(' mocked', -12.861075401306152), (' the', -1.631003499031067), (' fans', -6.957954406738281), (' of', -3.381119728088379), (' the', -1.4809409379959106), (' singer', -9.05445671081543), (' who', -4.009986877441406), (' were', -2.890331506729126)]"
78,20,count,nonIC,high,pl,Kevin counted the fans of the singer who were, were,-3.068716049194336,"[(' counted', -11.948149681091309), (' the', -2.3921334743499756), (' fans', -8.02898120880127), (' of', -3.6224565505981445), (' the', -1.4271674156188965), (' singer', -10.574128150939941), (' who', -4.780300140380859), (' were', -3.068716049194336)]"
79,20,mock,IC,low,sg,Kevin mocked the fans of the singer who was, was,-3.925915002822876,"[(' mocked', -12.861075401306152), (' the', -1.631003499031067), (' fans', -6.957954406738281), (' of', -3.381119728088379), (' the', -1.4809409379959106), (' singer', -9.05445671081543), (' who', -4.009986877441406), (' was', -3.925915002822876)]"
80,20,count,nonIC,low,sg,Kevin counted the fans of the singer who was, was,-3.279684066772461,"[(' counted', -11.948149681091309), (' the', -2.3921334743499756), (' fans', -8.02898120880127), (' of', -3.6224565505981445), (' the', -1.4271674156188965), (' singer', -10.574128150939941), (' who', -4.780300140380859), (' was', -3.279684066772461)]"
81,21,scold,IC,high,sg,Alice scolded the coordinator of the participants who was, was,-3.313842296600342,"[(' sc', -9.964685440063477), ('olded', -3.1844561100006104), (' the', -2.1782619953155518), (' coordinator', -10.862870216369629), (' of', -1.7084530591964722), (' the', -0.5061244964599609), (' participants', -10.581818580627441), (' who', -3.320890426635742), (' was', -3.313842296600342)]"
82,21,joke,nonIC,high,sg,Alice joked with the coordinator of the participants who was, was,-2.9057931900024414,"[(' joked', -11.275728225708008), (' with', -3.4580841064453125), (' the', -2.5682029724121094), (' coordinator', -9.869746208190918), (' of', -1.5321329832077026), (' the', -0.5992806553840637), (' participants', -10.848344802856445), (' who', -3.934727907180786), (' was', -2.9057931900024414)]"
83,21,scold,IC,low,pl,Alice scolded the coordinator of the participants who were, were,-1.5579066276550293,"[(' sc', -9.964685440063477), ('olded', -3.1844561100006104), (' the', -2.1782619953155518), (' coordinator', -10.862870216369629), (' of', -1.7084530591964722), (' the', -0.5061244964599609), (' participants', -10.581818580627441), (' who', -3.320890426635742), (' were', -1.5579066276550293)]"
84,21,joke,nonIC,low,pl,Alice joked with the coordinator of the participants who were, were,-1.892281413078308,"[(' joked', -11.275728225708008), (' with', -3.4580841064453125), (' the', -2.5682029724121094), (' coordinator', -9.869746208190918), (' of', -1.5321329832077026), (' the', -0.5992806553840637), (' participants', -10.848344802856445), (' who', -3.934727907180786), (' were', -1.892281413078308)]"
85,22,stare,IC,high,sg,Charles stared at the patron of the artists who was, was,-4.075477600097656,"[(' stared', -11.866764068603516), (' at', -0.6088945269584656), (' the', -1.5015112161636353), (' patron', -11.63865852355957), (' of', -4.532186508178711), (' the', -0.8546015620231628), (' artists', -10.839359283447266), (' who', -2.807587146759033), (' was', -4.075477600097656)]"
86,22,study,nonIC,high,sg,Charles studied with the patron of the artists who was, was,-5.279818058013916,"[(' studied', -11.21597671508789), (' with', -3.433581590652466), (' the', -3.2324585914611816), (' patron', -10.680991172790527), (' of', -1.9802584648132324), (' the', -1.0571016073226929), (' artists', -9.823322296142578), (' who', -2.8906595706939697), (' was', -5.279818058013916)]"
87,22,stare,IC,low,pl,Charles stared at the patron of the artists who were, were,-1.7859723567962646,"[(' stared', -11.866764068603516), (' at', -0.6088945269584656), (' the', -1.5015112161636353), (' patron', -11.63865852355957), (' of', -4.532186508178711), (' the', -0.8546015620231628), (' artists', -10.839359283447266), (' who', -2.807587146759033), (' were', -1.7859723567962646)]"
88,22,study,nonIC,low,pl,Charles studied with the patron of the artists who were, were,-2.4058175086975098,"[(' studied', -11.21597671508789), (' with', -3.433581590652466), (' the', -3.2324585914611816), (' patron', -10.680991172790527), (' of', -1.9802584648132324), (' the', -1.0571016073226929), (' artists', -9.823322296142578), (' who', -2.8906595706939697), (' were', -2.4058175086975098)]"
89,23,assist,IC,high,sg,Ben assisted the coach of the players who was, was,-4.802616596221924,"[(' assisted', -11.593088150024414), (' the', -2.466493606567383), (' coach', -6.862378120422363), (' of', -4.905592918395996), (' the', -0.9507809281349182), (' players', -6.606937408447266), (' who', -2.7940728664398193), (' was', -4.802616596221924)]"
90,23,stand,nonIC,high,sg,Ben stood next to the coach of the players who was, was,-4.6813483238220215,"[(' stood', -9.747491836547852), (' next', -3.594773292541504), (' to', -0.008069413714110851), (' the', -2.2413125038146973), (' coach', -6.265623092651367), (' of', -3.9235031604766846), (' the', -0.6837109923362732), (' players', -6.648764610290527), (' who', -2.797578811645508), (' was', -4.6813483238220215)]"
91,23,assist,IC,low,pl,Ben assisted the coach of the players who were, were,-1.57828950881958,"[(' assisted', -11.593088150024414), (' the', -2.466493606567383), (' coach', -6.862378120422363), (' of', -4.905592918395996), (' the', -0.9507809281349182), (' players', -6.606937408447266), (' who', -2.7940728664398193), (' were', -1.57828950881958)]"
92,23,stand,nonIC,low,pl,Ben stood next to the coach of the players who were, were,-1.3939719200134277,"[(' stood', -9.747491836547852), (' next', -3.594773292541504), (' to', -0.008069413714110851), (' the', -2.2413125038146973), (' coach', -6.265623092651367), (' of', -3.9235031604766846), (' the', -0.6837109923362732), (' players', -6.648764610290527), (' who', -2.797578811645508), (' were', -1.3939719200134277)]"
93,24,trust,IC,high,sg,Bob trusted the physician of the patients who was, was,-3.443981409072876,"[(' trusted', -12.20180892944336), (' the', -2.5358545780181885), (' physician', -8.917726516723633), (' of', -5.313745498657227), (' the', -1.4571528434753418), (' patients', -6.453197002410889), (' who', -2.249129056930542), (' was', -3.443981409072876)]"
94,24,live,nonIC,high,sg,Bob lived next to the physician of the patients who was, was,-4.179230690002441,"[(' lived', -10.079383850097656), (' next', -4.519426345825195), (' to', -1.9416786432266235), (' the', -2.1282670497894287), (' physician', -9.12093448638916), (' of', -5.114847183227539), (' the', -1.2189793586730957), (' patients', -7.195391654968262), (' who', -2.4504685401916504), (' was', -4.179230690002441)]"
95,24,trust,IC,low,pl,Bob trusted the physician of the patients who were, were,-2.0376627445220947,"[(' trusted', -12.20180892944336), (' the', -2.5358545780181885), (' physician', -8.917726516723633), (' of', -5.313745498657227), (' the', -1.4571528434753418), (' patients', -6.453197002410889), (' who', -2.249129056930542), (' were', -2.0376627445220947)]"
96,24,live,nonIC,low,pl,Bob lived next to the physician of the patients who were, were,-1.5663843154907227,"[(' lived', -10.079383850097656), (' next', -4.519426345825195), (' to', -1.9416786432266235), (' the', -2.1282670497894287), (' physician', -9.12093448638916), (' of', -5.114847183227539), (' the', -1.2189793586730957), (' patients', -7.195391654968262), (' who', -2.4504685401916504), (' were', -1.5663843154907227)]"
97,25,correct,IC,high,sg,Rachel corrected the agent of the celebrities who was, was,-3.989035129547119,"[(' corrected', -12.12562370300293), (' the', -2.4898486137390137), (' agent', -8.217900276184082), (' of', -4.104537010192871), (' the', -0.8910291790962219), (' celebrities', -12.68526840209961), (' who', -1.8823262453079224), (' was', -3.989035129547119)]"
98,25,run,nonIC,high,sg,Rachel ran into the agent of the celebrities who was, was,-3.5488340854644775,"[(' ran', -9.202367782592773), (' into', -2.557621717453003), (' the', -1.9202828407287598), (' agent', -8.991846084594727), (' of', -3.022892951965332), (' the', -0.9642221331596375), (' celebrities', -13.14840316772461), (' who', -1.877760648727417), (' was', -3.5488340854644775)]"
99,25,correct,IC,low,pl,Rachel corrected the agent of the celebrities who were, were,-2.210287570953369,"[(' corrected', -12.12562370300293), (' the', -2.4898486137390137), (' agent', -8.217900276184082), (' of', -4.104537010192871), (' the', -0.8910291790962219), (' celebrities', -12.68526840209961), (' who', -1.8823262453079224), (' were', -2.210287570953369)]"
100,25,run,nonIC,low,pl,Rachel ran into the agent of the celebrities who were, were,-1.7975218296051025,"[(' ran', -9.202367782592773), (' into', -2.557621717453003), (' the', -1.9202828407287598), (' agent', -8.991846084594727), (' of', -3.022892951965332), (' the', -0.9642221331596375), (' celebrities', -13.14840316772461), (' who', -1.877760648727417), (' were', -1.7975218296051025)]"
101,26,thank,IC,high,sg,James thanked the analyst of the vendors who was, was,-3.7857964038848877,"[(' thanked', -11.928207397460938), (' the', -1.7374612092971802), (' analyst', -10.306927680969238), (' of', -5.291582107543945), (' the', -0.9302098751068115), (' vendors', -11.755463600158691), (' who', -2.292994976043701), (' was', -3.7857964038848877)]"
102,26,chat,nonIC,high,sg,James chatted with the analyst of the vendors who was, was,-3.062002658843994,"[(' ch', -9.270950317382812), ('atted', -1.4364465475082397), (' with', -0.6137368083000183), (' the', -2.7538652420043945), (' analyst', -7.592464923858643), (' of', -5.156157970428467), (' the', -1.4096425771713257), (' vendors', -11.575862884521484), (' who', -2.4671316146850586), (' was', -3.062002658843994)]"
103,26,thank,IC,low,pl,James thanked the analyst of the vendors who were, were,-3.217292070388794,"[(' thanked', -11.928207397460938), (' the', -1.7374612092971802), (' analyst', -10.306927680969238), (' of', -5.291582107543945), (' the', -0.9302098751068115), (' vendors', -11.755463600158691), (' who', -2.292994976043701), (' were', -3.217292070388794)]"
104,26,chat,nonIC,low,pl,James chatted with the analyst of the vendors who were, were,-3.546186923980713,"[(' ch', -9.270950317382812), ('atted', -1.4364465475082397), (' with', -0.6137368083000183), (' the', -2.7538652420043945), (' analyst', -7.592464923858643), (' of', -5.156157970428467), (' the', -1.4096425771713257), (' vendors', -11.575862884521484), (' who', -2.4671316146850586), (' were', -3.546186923980713)]"
105,27,envy,IC,high,sg,Zoey envies the representative of the voters who is, is,-4.836590766906738,"[('oe', -8.600797653198242), ('y', -3.2372565269470215), (' env', -12.4967041015625), ('ies', -2.266749143600464), (' the', -1.4420346021652222), (' representative', -10.684213638305664), (' of', -1.4739435911178589), (' the', -1.064487338066101), (' voters', -8.79598617553711), (' who', -2.102139472961426), (' is', -4.836590766906738)]"
106,27,resemble,nonIC,high,sg,Zoey resembles the representative of the voters who is, is,-5.831550598144531,"[('oe', -8.600797653198242), ('y', -3.2372565269470215), (' resembles', -12.691352844238281), (' the', -1.7346705198287964), (' representative', -9.771154403686523), (' of', -0.5454645752906799), (' the', -1.2154160737991333), (' voters', -10.016939163208008), (' who', -2.2499947547912598), (' is', -5.831550598144531)]"
107,27,envy,IC,low,pl,Zoey envies the representative of the voters who are, are,-2.6689422130584717,"[('oe', -8.600797653198242), ('y', -3.2372565269470215), (' env', -12.4967041015625), ('ies', -2.266749143600464), (' the', -1.4420346021652222), (' representative', -10.684213638305664), (' of', -1.4739435911178589), (' the', -1.064487338066101), (' voters', -8.79598617553711), (' who', -2.102139472961426), (' are', -2.6689422130584717)]"
108,27,resemble,nonIC,low,pl,Zoey resembles the representative of the voters who are, are,-2.9261248111724854,"[('oe', -8.600797653198242), ('y', -3.2372565269470215), (' resembles', -12.691352844238281), (' the', -1.7346705198287964), (' representative', -9.771154403686523), (' of', -0.5454645752906799), (' the', -1.2154160737991333), (' voters', -10.016939163208008), (' who', -2.2499947547912598), (' are', -2.9261248111724854)]"
109,28,value,IC,high,sg,Stephen values the accountant of the investors who is, is,-4.757434844970703,"[(' values', -10.984452247619629), (' the', -1.5612109899520874), (' accountant', -12.852917671203613), (' of', -5.099010467529297), (' the', -1.536998987197876), (' investors', -10.303356170654297), (' who', -2.2490227222442627), (' is', -4.757434844970703)]"
110,28,meet,nonIC,high,sg,Stephen met the accountant of the investors who is, is,-5.848354816436768,"[(' met', -9.58067798614502), (' the', -2.7336487770080566), (' accountant', -10.413850784301758), (' of', -4.811572074890137), (' the', -1.2607333660125732), (' investors', -9.063340187072754), (' who', -2.173968553543091), (' is', -5.848354816436768)]"
111,28,value,IC,low,pl,Stephen values the accountant of the investors who are, are,-2.6789133548736572,"[(' values', -10.984452247619629), (' the', -1.5612109899520874), (' accountant', -12.852917671203613), (' of', -5.099010467529297), (' the', -1.536998987197876), (' investors', -10.303356170654297), (' who', -2.2490227222442627), (' are', -2.6789133548736572)]"
112,28,meet,nonIC,low,pl,Stephen met the accountant of the investors who are, are,-4.181271076202393,"[(' met', -9.58067798614502), (' the', -2.7336487770080566), (' accountant', -10.413850784301758), (' of', -4.811572074890137), (' the', -1.2607333660125732), (' investors', -9.063340187072754), (' who', -2.173968553543091), (' are', -4.181271076202393)]"
113,29,fear,IC,high,sg,Liz fears the lawyer of the actors who is, is,-5.475769519805908,"[('iz', -8.171367645263672), (' fears', -12.092403411865234), (' the', -1.7444318532943726), (' lawyer', -10.6597900390625), (' of', -4.753486156463623), (' the', -1.3099358081817627), (' actors', -10.46357536315918), (' who', -2.3431146144866943), (' is', -5.475769519805908)]"
114,29,recognize,nonIC,high,sg,Liz recognizes the lawyer of the actors who is, is,-4.001839637756348,"[('iz', -8.171367645263672), (' recognizes', -12.978031158447266), (' the', -1.6498311758041382), (' lawyer', -10.528606414794922), (' of', -4.728185653686523), (' the', -0.9998053908348083), (' actors', -9.942753791809082), (' who', -1.9378641843795776), (' is', -4.001839637756348)]"
115,29,fear,IC,low,pl,Liz fears the lawyer of the actors who are, are,-2.928070545196533,"[('iz', -8.171367645263672), (' fears', -12.092403411865234), (' the', -1.7444318532943726), (' lawyer', -10.6597900390625), (' of', -4.753486156463623), (' the', -1.3099358081817627), (' actors', -10.46357536315918), (' who', -2.3431146144866943), (' are', -2.928070545196533)]"
116,29,recognize,nonIC,low,pl,Liz recognizes the lawyer of the actors who are, are,-2.64083194732666,"[('iz', -8.171367645263672), (' recognizes', -12.978031158447266), (' the', -1.6498311758041382), (' lawyer', -10.528606414794922), (' of', -4.728185653686523), (' the', -0.9998053908348083), (' actors', -9.942753791809082), (' who', -1.9378641843795776), (' are', -2.64083194732666)]"
117,30,notice,IC,high,sg,Jan noticed the son of the scientists who was, was,-3.5530622005462646,"[(' noticed', -11.734992980957031), (' the', -2.4638113975524902), (' son', -9.096589088439941), (' of', -1.3547245264053345), (' the', -1.8049176931381226), (' scientists', -10.882024765014648), (' who', -2.524843454360962), (' was', -3.5530622005462646)]"
118,30,jog,nonIC,high,sg,Jan jogged with the son of the scientists who was, was,-4.496547698974609,"[(' j', -9.293449401855469), ('ogged', -8.911514282226562), (' with', -5.025869369506836), (' the', -2.4591898918151855), (' son', -7.563467979431152), (' of', -0.8358573913574219), (' the', -2.2971677780151367), (' scientists', -11.620989799499512), (' who', -2.0239555835723877), (' was', -4.496547698974609)]"
119,30,notice,IC,low,pl,Jan noticed the son of the scientists who were, were,-1.9919507503509521,"[(' noticed', -11.734992980957031), (' the', -2.4638113975524902), (' son', -9.096589088439941), (' of', -1.3547245264053345), (' the', -1.8049176931381226), (' scientists', -10.882024765014648), (' who', -2.524843454360962), (' were', -1.9919507503509521)]"
120,30,jog,nonIC,low,pl,Jan jogged with the son of the scientists who were, were,-2.2011070251464844,"[(' j', -9.293449401855469), ('ogged', -8.911514282226562), (' with', -5.025869369506836), (' the', -2.4591898918151855), (' son', -7.563467979431152), (' of', -0.8358573913574219), (' the', -2.2971677780151367), (' scientists', -11.620989799499512), (' who', -2.0239555835723877), (' were', -2.2011070251464844)]"
121,31,praise,IC,high,pl,Luke praised the tenants of the landlord who were, were,-2.4933156967163086,"[(' praised', -11.549402236938477), (' the', -1.1592813730239868), (' tenants', -10.14190673828125), (' of', -2.1929612159729004), (' the', -1.078288197517395), (' landlord', -7.066555976867676), (' who', -3.2125120162963867), (' were', -2.4933156967163086)]"
122,31,carpool,nonIC,high,pl,Luke carpooled with the tenants of the landlord who were, were,-2.06825590133667,"[(' car', -9.310983657836914), ('pool', -5.160962104797363), ('ed', -1.3269658088684082), (' with', -1.7148982286453247), (' the', -2.8752331733703613), (' tenants', -8.453511238098145), (' of', -2.504425287246704), (' the', -1.3832968473434448), (' landlord', -6.1665358543396), (' who', -4.257256507873535), (' were', -2.06825590133667)]"
123,31,praise,IC,low,sg,Luke praised the tenants of the landlord who was, was,-4.987898826599121,"[(' praised', -11.549402236938477), (' the', -1.1592813730239868), (' tenants', -10.14190673828125), (' of', -2.1929612159729004), (' the', -1.078288197517395), (' landlord', -7.066555976867676), (' who', -3.2125120162963867), (' was', -4.987898826599121)]"
124,31,carpool,nonIC,low,sg,Luke carpooled with the tenants of the landlord who was, was,-3.255481243133545,"[(' car', -9.310983657836914), ('pool', -5.160962104797363), ('ed', -1.3269658088684082), (' with', -1.7148982286453247), (' the', -2.8752331733703613), (' tenants', -8.453511238098145), (' of', -2.504425287246704), (' the', -1.3832968473434448), (' landlord', -6.1665358543396), (' who', -4.257256507873535), (' was', -3.255481243133545)]"
125,32,hate,IC,high,pl,Karen hates the followers of the leader who are, are,-3.5333054065704346,"[('aren', -9.217145919799805), (' hates', -12.153312683105469), (' the', -2.187817335128784), (' followers', -10.656564712524414), (' of', -0.9867477416992188), (' the', -1.5431686639785767), (' leader', -6.270246505737305), (' who', -3.1744766235351562), (' are', -3.5333054065704346)]"
126,32,know,nonIC,high,pl,Karen knows the follwers of the leader who are, are,-4.070686340332031,"[('aren', -9.217145919799805), (' knows', -9.05718994140625), (' the', -2.435415029525757), (' foll', -11.951910018920898), ('w', -9.60427474975586), ('ers', -5.124621391296387), (' of', -1.9289170503616333), (' the', -1.3452789783477783), (' leader', -9.294918060302734), (' who', -4.582862377166748), (' are', -4.070686340332031)]"
127,32,hate,IC,low,sg,Karen hates the followers of the leader who is, is,-3.183314561843872,"[('aren', -9.217145919799805), (' hates', -12.153312683105469), (' the', -2.187817335128784), (' followers', -10.656564712524414), (' of', -0.9867477416992188), (' the', -1.5431686639785767), (' leader', -6.270246505737305), (' who', -3.1744766235351562), (' is', -3.183314561843872)]"
128,32,know,nonIC,low,sg,Karen knows the follwers of the leader who is, is,-2.4968717098236084,"[('aren', -9.217145919799805), (' knows', -9.05718994140625), (' the', -2.435415029525757), (' foll', -11.951910018920898), ('w', -9.60427474975586), ('ers', -5.124621391296387), (' of', -1.9289170503616333), (' the', -1.3452789783477783), (' leader', -9.294918060302734), (' who', -4.582862377166748), (' is', -2.4968717098236084)]"
129,33,blame,IC,high,pl,Jack blamed the trainees of the craftsman who were, were,-3.88274884223938,"[(' blamed', -11.438056945800781), (' the', -1.1911983489990234), (' train', -8.537912368774414), ('ees', -7.112721920013428), (' of', -5.050655841827393), (' the', -0.7257885932922363), (' crafts', -11.448600769042969), ('man', -2.1177096366882324), (' who', -4.165877819061279), (' were', -3.88274884223938)]"
130,33,gossip,nonIC,high,pl,Jack gossiped with the trainees of the craftsman who were, were,-4.9203691482543945,"[(' gossip', -13.799156188964844), ('ed', -2.0156872272491455), (' with', -3.598869800567627), (' the', -2.3899309635162354), (' train', -8.802162170410156), ('ees', -3.1569342613220215), (' of', -4.150655746459961), (' the', -0.8494227528572083), (' crafts', -9.907270431518555), ('man', -1.7131755352020264), (' who', -4.7445878982543945), (' were', -4.9203691482543945)]"
131,33,blame,IC,low,sg,Jack blamed the trainees of the craftsman who was, was,-3.522923707962036,"[(' blamed', -11.438056945800781), (' the', -1.1911983489990234), (' train', -8.537912368774414), ('ees', -7.112721920013428), (' of', -5.050655841827393), (' the', -0.7257885932922363), (' crafts', -11.448600769042969), ('man', -2.1177096366882324), (' who', -4.165877819061279), (' was', -3.522923707962036)]"
132,33,gossip,nonIC,low,sg,Jack gossiped with the trainees of the craftsman who was, was,-2.2448244094848633,"[(' gossip', -13.799156188964844), ('ed', -2.0156872272491455), (' with', -3.598869800567627), (' the', -2.3899309635162354), (' train', -8.802162170410156), ('ees', -3.1569342613220215), (' of', -4.150655746459961), (' the', -0.8494227528572083), (' crafts', -9.907270431518555), ('man', -1.7131755352020264), (' who', -4.7445878982543945), (' was', -2.2448244094848633)]"
133,34,help,IC,high,pl,Sophia helped the students of the professor who were, were,-4.61345100402832,"[('oph', -9.721209526062012), ('ia', -1.3065418004989624), (' helped', -8.875061988830566), (' the', -3.027733564376831), (' students', -4.9575371742248535), (' of', -4.312141418457031), (' the', -1.4877243041992188), (' professor', -8.689851760864258), (' who', -3.0510926246643066), (' were', -4.61345100402832)]"
134,34,wait,nonIC,high,pl,Sophia waited with the students of the professor who were, were,-5.002080917358398,"[('oph', -9.721209526062012), ('ia', -1.3065418004989624), (' waited', -10.325043678283691), (' with', -3.932191848754883), (' the', -3.1494665145874023), (' students', -7.955173015594482), (' of', -4.510557174682617), (' the', -1.2255467176437378), (' professor', -8.204530715942383), (' who', -3.603498697280884), (' were', -5.002080917358398)]"
135,34,help,IC,low,sg,Sophia helped the students of the professor who was, was,-1.8336505889892578,"[('oph', -9.721209526062012), ('ia', -1.3065418004989624), (' helped', -8.875061988830566), (' the', -3.027733564376831), (' students', -4.9575371742248535), (' of', -4.312141418457031), (' the', -1.4877243041992188), (' professor', -8.689851760864258), (' who', -3.0510926246643066), (' was', -1.8336505889892578)]"
136,34,wait,nonIC,low,sg,Sophia waited with the students of the professor who was, was,-1.6964473724365234,"[('oph', -9.721209526062012), ('ia', -1.3065418004989624), (' waited', -10.325043678283691), (' with', -3.932191848754883), (' the', -3.1494665145874023), (' students', -7.955173015594482), (' of', -4.510557174682617), (' the', -1.2255467176437378), (' professor', -8.204530715942383), (' who', -3.603498697280884), (' was', -1.6964473724365234)]"
137,35,reproach,IC,high,pl,Noah reproached the assistants of the technician who were, were,-3.328033685684204,"[('ah', -8.158491134643555), (' repro', -14.440511703491211), ('ached', -0.5438622832298279), (' the', -1.893298625946045), (' assistants', -11.171791076660156), (' of', -2.1764187812805176), (' the', -1.1338187456130981), (' technician', -12.184870719909668), (' who', -2.182945489883423), (' were', -3.328033685684204)]"
138,35,visit,nonIC,high,pl,Noah visited the assistants of the technician who were, were,-4.693608283996582,"[('ah', -8.158491134643555), (' visited', -9.251119613647461), (' the', -1.319740891456604), (' assistants', -13.575119972229004), (' of', -2.239877223968506), (' the', -1.33051598072052), (' technician', -11.371065139770508), (' who', -1.801898717880249), (' were', -4.693608283996582)]"
139,35,reproach,IC,low,sg,Noah reproached the assistants of the technician who was, was,-2.494049310684204,"[('ah', -8.158491134643555), (' repro', -14.440511703491211), ('ached', -0.5438622832298279), (' the', -1.893298625946045), (' assistants', -11.171791076660156), (' of', -2.1764187812805176), (' the', -1.1338187456130981), (' technician', -12.184870719909668), (' who', -2.182945489883423), (' was', -2.494049310684204)]"
140,35,visit,nonIC,low,sg,Noah visited the assistants of the technician who was, was,-2.1974916458129883,"[('ah', -8.158491134643555), (' visited', -9.251119613647461), (' the', -1.319740891456604), (' assistants', -13.575119972229004), (' of', -2.239877223968506), (' the', -1.33051598072052), (' technician', -11.371065139770508), (' who', -1.801898717880249), (' was', -2.1974916458129883)]"
141,36,pacify,IC,high,pl,Charlotte pacified the patients of the therapist who were, were,-4.678418159484863,"[('otte', -6.406257152557373), (' pac', -12.785204887390137), ('ified', -1.3091152906417847), (' the', -1.787261724472046), (' patients', -7.4993791580200195), (' of', -5.149877548217773), (' the', -1.4809656143188477), (' therapist', -9.359148025512695), (' who', -2.0878262519836426), (' were', -4.678418159484863)]"
142,36,greet,nonIC,high,pl,Charlotte greeted the patients of the therapist who were, were,-5.568995475769043,"[('otte', -6.406257152557373), (' greeted', -11.702296257019043), (' the', -1.7683972120285034), (' patients', -9.200155258178711), (' of', -5.459101676940918), (' the', -1.1978965997695923), (' therapist', -9.963127136230469), (' who', -2.581160068511963), (' were', -5.568995475769043)]"
143,36,pacify,IC,low,sg,Charlotte pacified the patients of the therapist who was, was,-2.1535158157348633,"[('otte', -6.406257152557373), (' pac', -12.785204887390137), ('ified', -1.3091152906417847), (' the', -1.787261724472046), (' patients', -7.4993791580200195), (' of', -5.149877548217773), (' the', -1.4809656143188477), (' therapist', -9.359148025512695), (' who', -2.0878262519836426), (' was', -2.1535158157348633)]"
144,36,greet,nonIC,low,sg,Charlotte greeted the patients of the therapist who was, was,-2.444308042526245,"[('otte', -6.406257152557373), (' greeted', -11.702296257019043), (' the', -1.7683972120285034), (' patients', -9.200155258178711), (' of', -5.459101676940918), (' the', -1.1978965997695923), (' therapist', -9.963127136230469), (' who', -2.581160068511963), (' was', -2.444308042526245)]"
145,37,detest,IC,high,pl,Evelyn detests the supporters of the candidate who have, have,-5.996222496032715,"[('ve', -8.337542533874512), ('lyn', -3.216362237930298), (' det', -13.117044448852539), ('ests', -2.1632399559020996), (' the', -1.4632734060287476), (' supporters', -10.512897491455078), (' of', -0.803837239742279), (' the', -1.8353902101516724), (' candidate', -6.244546890258789), (' who', -1.2160242795944214), (' have', -5.996222496032715)]"
146,37,work,nonIC,high,pl,Evelyn works with the supporters of the candidate who have, have,-5.96730375289917,"[('ve', -8.337542533874512), ('lyn', -3.216362237930298), (' works', -9.808656692504883), (' with', -1.9067602157592773), (' the', -2.0342392921447754), (' supporters', -10.264005661010742), (' of', -0.8389003276824951), (' the', -1.5264567136764526), (' candidate', -6.976961612701416), (' who', -1.921082854270935), (' have', -5.96730375289917)]"
147,37,detest,IC,low,sg,Evelyn detests the supporters of the candidate who has, has,-2.5109164714813232,"[('ve', -8.337542533874512), ('lyn', -3.216362237930298), (' det', -13.117044448852539), ('ests', -2.1632399559020996), (' the', -1.4632734060287476), (' supporters', -10.512897491455078), (' of', -0.803837239742279), (' the', -1.8353902101516724), (' candidate', -6.244546890258789), (' who', -1.2160242795944214), (' has', -2.5109164714813232)]"
148,37,work,nonIC,low,sg,Evelyn works with the supporters of the candidate who has, has,-2.5559191703796387,"[('ve', -8.337542533874512), ('lyn', -3.216362237930298), (' works', -9.808656692504883), (' with', -1.9067602157592773), (' the', -2.0342392921447754), (' supporters', -10.264005661010742), (' of', -0.8389003276824951), (' the', -1.5264567136764526), (' candidate', -6.976961612701416), (' who', -1.921082854270935), (' has', -2.5559191703796387)]"
149,38,comfort,IC,high,pl,Ken comforted the children of the actress who were, were,-6.067749977111816,"[(' comfort', -11.987083435058594), ('ed', -0.28431832790374756), (' the', -2.1324610710144043), (' children', -4.248566627502441), (' of', -3.3922324180603027), (' the', -1.468639850616455), (' actress', -10.679204940795898), (' who', -2.5488808155059814), (' were', -6.067749977111816)]"
150,38,babysit,nonIC,high,pl,Ken babysat the children of the actress who were, were,-6.3353753089904785,"[(' babys', -13.903682708740234), ('at', -1.6020116806030273), (' the', -2.5352182388305664), (' children', -2.945809841156006), (' of', -2.973487615585327), (' the', -1.9766175746917725), (' actress', -9.333919525146484), (' who', -2.640244483947754), (' were', -6.3353753089904785)]"
151,38,comfort,IC,low,sg,Ken comforted the children of the actress who was, was,-2.010606050491333,"[(' comfort', -11.987083435058594), ('ed', -0.28431832790374756), (' the', -2.1324610710144043), (' children', -4.248566627502441), (' of', -3.3922324180603027), (' the', -1.468639850616455), (' actress', -10.679204940795898), (' who', -2.5488808155059814), (' was', -2.010606050491333)]"
152,38,babysit,nonIC,low,sg,Ken babysat the children of the actress who was, was,-2.3698983192443848,"[(' babys', -13.903682708740234), ('at', -1.6020116806030273), (' the', -2.5352182388305664), (' children', -2.945809841156006), (' of', -2.973487615585327), (' the', -1.9766175746917725), (' actress', -9.333919525146484), (' who', -2.640244483947754), (' was', -2.3698983192443848)]"
153,39,congratulate,IC,high,pl,Henry congratulated the architects of the homeowner who were, were,-4.714832782745361,"[(' congratulated', -12.893799781799316), (' the', -2.202580690383911), (' architects', -9.34965705871582), (' of', -1.0159915685653687), (' the', -0.7279142141342163), (' homeowner', -14.16690731048584), (' who', -4.004545211791992), (' were', -4.714832782745361)]"
154,39,count,nonIC,high,pl,Henry counted the architects of the homeowner who were, were,-3.5807554721832275,"[(' counted', -11.592427253723145), (' the', -2.126506805419922), (' architects', -11.222908020019531), (' of', -1.231967568397522), (' the', -0.8441979885101318), (' homeowner', -14.839803695678711), (' who', -4.587342262268066), (' were', -3.5807554721832275)]"
155,39,congratulate,IC,low,sg,Henry congratulated the architects of the homeowner who was, was,-2.98850679397583,"[(' congratulated', -12.893799781799316), (' the', -2.202580690383911), (' architects', -9.34965705871582), (' of', -1.0159915685653687), (' the', -0.7279142141342163), (' homeowner', -14.16690731048584), (' who', -4.004545211791992), (' was', -2.98850679397583)]"
156,39,count,nonIC,low,sg,Henry counted the architects of the homeowner who was, was,-3.2547056674957275,"[(' counted', -11.592427253723145), (' the', -2.126506805419922), (' architects', -11.222908020019531), (' of', -1.231967568397522), (' the', -0.8441979885101318), (' homeowner', -14.839803695678711), (' who', -4.587342262268066), (' was', -3.2547056674957275)]"
157,40,mock,IC,high,pl,Olivia mocked the apprentices of the carpenter who were, were,-3.4010050296783447,"[('liv', -11.01876449584961), ('ia', -0.45822077989578247), (' mocked', -12.892520904541016), (' the', -1.4564698934555054), (' apprentices', -13.410725593566895), (' of', -4.1917290687561035), (' the', -1.1566911935806274), (' car', -8.609659194946289), ('penter', -1.2907675504684448), (' who', -3.0870213508605957), (' were', -3.4010050296783447)]"
158,40,talk,nonIC,high,pl,Olivia talked to the apprentices of the carpenter who were, were,-4.102444648742676,"[('liv', -11.01876449584961), ('ia', -0.45822077989578247), (' talked', -10.60897445678711), (' to', -1.0830715894699097), (' the', -2.402539014816284), (' apprentices', -12.886592864990234), (' of', -3.7326836585998535), (' the', -1.0378528833389282), (' car', -7.185481071472168), ('penter', -1.42376708984375), (' who', -2.871807813644409), (' were', -4.102444648742676)]"
159,40,mock,IC,low,sg,Olivia mocked the apprentices of the carpenter who was, was,-3.1261789798736572,"[('liv', -11.01876449584961), ('ia', -0.45822077989578247), (' mocked', -12.892520904541016), (' the', -1.4564698934555054), (' apprentices', -13.410725593566895), (' of', -4.1917290687561035), (' the', -1.1566911935806274), (' car', -8.609659194946289), ('penter', -1.2907675504684448), (' who', -3.0870213508605957), (' was', -3.1261789798736572)]"
160,40,talk,nonIC,low,sg,Olivia talked to the apprentices of the carpenter who was, was,-2.622570753097534,"[('liv', -11.01876449584961), ('ia', -0.45822077989578247), (' talked', -10.60897445678711), (' to', -1.0830715894699097), (' the', -2.402539014816284), (' apprentices', -12.886592864990234), (' of', -3.7326836585998535), (' the', -1.0378528833389282), (' car', -7.185481071472168), ('penter', -1.42376708984375), (' who', -2.871807813644409), (' was', -2.622570753097534)]"
161,41,scold,IC,high,pl,Ashley scolded the children of the historian who were, were,-3.8595385551452637,"[('ley', -6.549779891967773), (' sc', -9.859481811523438), ('olded', -2.7652692794799805), (' the', -1.604870319366455), (' children', -5.964542388916016), (' of', -3.6758933067321777), (' the', -1.1032946109771729), (' historian', -12.193351745605469), (' who', -2.4242358207702637), (' were', -3.8595385551452637)]"
162,41,babysit,nonIC,high,pl,Ashley studied with the children of the historian who were, were,-4.223210334777832,"[('ley', -6.549779891967773), (' studied', -9.5260009765625), (' with', -3.3422932624816895), (' the', -3.097133159637451), (' children', -6.222433090209961), (' of', -2.6612706184387207), (' the', -2.2035505771636963), (' historian', -9.964573860168457), (' who', -4.837618827819824), (' were', -4.223210334777832)]"
163,41,scold,IC,low,sg,Ashley scolded the children of the historian who was, was,-2.629565715789795,"[('ley', -6.549779891967773), (' sc', -9.859481811523438), ('olded', -2.7652692794799805), (' the', -1.604870319366455), (' children', -5.964542388916016), (' of', -3.6758933067321777), (' the', -1.1032946109771729), (' historian', -12.193351745605469), (' who', -2.4242358207702637), (' was', -2.629565715789795)]"
164,41,babysit,nonIC,low,sg,Ashley studied with the children of the historian who was, was,-2.2612502574920654,"[('ley', -6.549779891967773), (' studied', -9.5260009765625), (' with', -3.3422932624816895), (' the', -3.097133159637451), (' children', -6.222433090209961), (' of', -2.6612706184387207), (' the', -2.2035505771636963), (' historian', -9.964573860168457), (' who', -4.837618827819824), (' was', -2.2612502574920654)]"
165,42,stare,IC,high,pl,Daniel stared at the clients of the designer who were, were,-3.648681640625,"[(' stared', -11.910503387451172), (' at', -0.5642598867416382), (' the', -1.4223663806915283), (' clients', -11.920562744140625), (' of', -3.695699453353882), (' the', -1.4120020866394043), (' designer', -9.107237815856934), (' who', -2.30735445022583), (' were', -3.648681640625)]"
166,42,count,nonIC,high,pl,Daniel counted the clients of the designer who were, were,-2.690598964691162,"[(' counted', -11.878250122070312), (' the', -2.35731840133667), (' clients', -10.105916976928711), (' of', -2.9556727409362793), (' the', -1.4994533061981201), (' designer', -10.437294960021973), (' who', -2.7904582023620605), (' were', -2.690598964691162)]"
167,42,stare,IC,low,sg,Daniel stared at the clients of the designer who was, was,-1.8737107515335083,"[(' stared', -11.910503387451172), (' at', -0.5642598867416382), (' the', -1.4223663806915283), (' clients', -11.920562744140625), (' of', -3.695699453353882), (' the', -1.4120020866394043), (' designer', -9.107237815856934), (' who', -2.30735445022583), (' was', -1.8737107515335083)]"
168,42,count,nonIC,low,sg,Daniel counted the clients of the designer who was, was,-3.262223720550537,"[(' counted', -11.878250122070312), (' the', -2.35731840133667), (' clients', -10.105916976928711), (' of', -2.9556727409362793), (' the', -1.4994533061981201), (' designer', -10.437294960021973), (' who', -2.7904582023620605), (' was', -3.262223720550537)]"
169,43,assist,IC,high,pl,Megan assisted the photographers of the bride who were, were,-2.2739906311035156,"[('gan', -8.869789123535156), (' assisted', -11.918088912963867), (' the', -2.752190589904785), (' photographers', -7.935408115386963), (' of', -5.712894439697266), (' the', -0.9025292992591858), (' bride', -10.501134872436523), (' who', -4.329123020172119), (' were', -2.2739906311035156)]"
170,43,joke,nonIC,high,pl,Megan joked with the photographers of the bride who were, were,-2.2171263694763184,"[('gan', -8.869789123535156), (' joked', -8.962369918823242), (' with', -3.3783106803894043), (' the', -2.5972049236297607), (' photographers', -7.0827131271362305), (' of', -4.708029270172119), (' the', -0.7913309335708618), (' bride', -9.257508277893066), (' who', -4.10515832901001), (' were', -2.2171263694763184)]"
171,43,assist,IC,low,sg,Megan assisted the photographers of the bride who was, was,-1.6803168058395386,"[('gan', -8.869789123535156), (' assisted', -11.918088912963867), (' the', -2.752190589904785), (' photographers', -7.935408115386963), (' of', -5.712894439697266), (' the', -0.9025292992591858), (' bride', -10.501134872436523), (' who', -4.329123020172119), (' was', -1.6803168058395386)]"
172,43,joke,nonIC,low,sg,Megan joked with the photographers of the bride who was, was,-2.124612331390381,"[('gan', -8.869789123535156), (' joked', -8.962369918823242), (' with', -3.3783106803894043), (' the', -2.5972049236297607), (' photographers', -7.0827131271362305), (' of', -4.708029270172119), (' the', -0.7913309335708618), (' bride', -9.257508277893066), (' who', -4.10515832901001), (' was', -2.124612331390381)]"
173,44,trust,IC,high,pl,Lucas trusted the instructors of the pilot who were, were,-3.2027485370635986,"[('as', -5.0877485275268555), (' trusted', -12.479071617126465), (' the', -2.25341796875), (' instructors', -9.361087799072266), (' of', -3.417736053466797), (' the', -1.1326030492782593), (' pilot', -8.327691078186035), (' who', -3.8877735137939453), (' were', -3.2027485370635986)]"
174,44,wait,nonIC,high,pl,Lucas waited with the instructors of the pilot who were, were,-3.2154202461242676,"[('as', -5.0877485275268555), (' waited', -10.436163902282715), (' with', -3.6034817695617676), (' the', -3.0482943058013916), (' instructors', -12.121585845947266), (' of', -4.193991661071777), (' the', -0.837560772895813), (' pilot', -8.229891777038574), (' who', -5.120677947998047), (' were', -3.2154202461242676)]"
175,44,trust,IC,low,sg,Lucas trusted the instructors of the pilot who was, was,-2.733159303665161,"[('as', -5.0877485275268555), (' trusted', -12.479071617126465), (' the', -2.25341796875), (' instructors', -9.361087799072266), (' of', -3.417736053466797), (' the', -1.1326030492782593), (' pilot', -8.327691078186035), (' who', -3.8877735137939453), (' was', -2.733159303665161)]"
176,44,wait,nonIC,low,sg,Lucas waited with the instructors of the pilot who was, was,-1.8785823583602905,"[('as', -5.0877485275268555), (' waited', -10.436163902282715), (' with', -3.6034817695617676), (' the', -3.0482943058013916), (' instructors', -12.121585845947266), (' of', -4.193991661071777), (' the', -0.837560772895813), (' pilot', -8.229891777038574), (' who', -5.120677947998047), (' was', -1.8785823583602905)]"
177,45,correct,IC,high,pl,Michelle corrected the advisers of the officer who were, were,-6.53452205657959,"[(' corrected', -11.722565650939941), (' the', -2.615644693374634), (' advisers', -11.54786491394043), (' of', -3.672616720199585), (' the', -1.5809670686721802), (' officer', -7.802325248718262), (' who', -1.3731141090393066), (' were', -6.53452205657959)]"
178,45,stand,nonIC,high,pl,Michelle stood near the advisers of the officer who were, were,-6.682763576507568,"[(' stood', -9.548558235168457), (' near', -5.143970966339111), (' the', -0.9475570917129517), (' advisers', -13.049010276794434), (' of', -3.187516689300537), (' the', -1.6017439365386963), (' officer', -8.402424812316895), (' who', -1.2375067472457886), (' were', -6.682763576507568)]"
179,45,correct,IC,low,sg,Michelle corrected the advisers of the officer who was, was,-2.5060184001922607,"[(' corrected', -11.722565650939941), (' the', -2.615644693374634), (' advisers', -11.54786491394043), (' of', -3.672616720199585), (' the', -1.5809670686721802), (' officer', -7.802325248718262), (' who', -1.3731141090393066), (' was', -2.5060184001922607)]"
180,45,stand,nonIC,low,sg,Michelle stood near the advisers of the officer who was, was,-2.321641445159912,"[(' stood', -9.548558235168457), (' near', -5.143970966339111), (' the', -0.9475570917129517), (' advisers', -13.049010276794434), (' of', -3.187516689300537), (' the', -1.6017439365386963), (' officer', -8.402424812316895), (' who', -1.2375067472457886), (' was', -2.321641445159912)]"
181,46,comfort,IC,high,pl,Oliver comforted the advisees of the specialist who were, were,-4.902523994445801,"[('iver', -7.989095687866211), (' comfort', -11.617097854614258), ('ed', -1.519978404045105), (' the', -1.9341157674789429), (' advise', -15.057297706604004), ('es', -7.9447922706604), (' of', -2.4362995624542236), (' the', -1.369315266609192), (' specialist', -10.98298168182373), (' who', -3.3283233642578125), (' were', -4.902523994445801)]"
182,46,gossip,nonIC,high,pl,Oliver gossiped with the advisees of the specialist who were, were,-5.451626777648926,"[('iver', -7.989095687866211), (' gossip', -15.245546340942383), ('ed', -3.381329298019409), (' with', -3.5409488677978516), (' the', -2.289010524749756), (' advise', -13.811832427978516), ('es', -10.911149024963379), (' of', -0.9255138635635376), (' the', -1.6038857698440552), (' specialist', -10.656198501586914), (' who', -3.8226494789123535), (' were', -5.451626777648926)]"
183,46,comfort,IC,low,sg,Oliver comforted the advisees of the specialist who was, was,-2.503728151321411,"[('iver', -7.989095687866211), (' comfort', -11.617097854614258), ('ed', -1.519978404045105), (' the', -1.9341157674789429), (' advise', -15.057297706604004), ('es', -7.9447922706604), (' of', -2.4362995624542236), (' the', -1.369315266609192), (' specialist', -10.98298168182373), (' who', -3.3283233642578125), (' was', -2.503728151321411)]"
184,46,gossip,nonIC,low,sg,Oliver gossiped with the advisees of the specialist who was, was,-2.3216521739959717,"[('iver', -7.989095687866211), (' gossip', -15.245546340942383), ('ed', -3.381329298019409), (' with', -3.5409488677978516), (' the', -2.289010524749756), (' advise', -13.811832427978516), ('es', -10.911149024963379), (' of', -0.9255138635635376), (' the', -1.6038857698440552), (' specialist', -10.656198501586914), (' who', -3.8226494789123535), (' was', -2.3216521739959717)]"
185,47,envy,IC,high,pl,Rebecca envies the contractors of the homeowner who have, have,-3.927611827850342,"[('becca', -9.696532249450684), (' env', -11.5928955078125), ('ies', -2.182762622833252), (' the', -1.5472067594528198), (' contractors', -12.586629867553711), (' of', -4.129875183105469), (' the', -1.2189196348190308), (' homeowner', -12.041756629943848), (' who', -2.7689576148986816), (' have', -3.927611827850342)]"
186,47,recognize,nonIC,high,pl,Rebecca recognizes the contractors of the homeowner who have, have,-3.079555034637451,"[('becca', -9.696532249450684), (' recognizes', -11.4010009765625), (' the', -1.4272642135620117), (' contractors', -13.223251342773438), (' of', -4.757386207580566), (' the', -0.9201412796974182), (' homeowner', -11.240615844726562), (' who', -2.8648252487182617), (' have', -3.079555034637451)]"
187,47,envy,IC,low,sg,Rebecca envies the contractors of the homeowner who has, has,-3.3395228385925293,"[('becca', -9.696532249450684), (' env', -11.5928955078125), ('ies', -2.182762622833252), (' the', -1.5472067594528198), (' contractors', -12.586629867553711), (' of', -4.129875183105469), (' the', -1.2189196348190308), (' homeowner', -12.041756629943848), (' who', -2.7689576148986816), (' has', -3.3395228385925293)]"
188,47,recognize,nonIC,low,sg,Rebecca recognizes the contractors of the homeowner who has, has,-3.605159282684326,"[('becca', -9.696532249450684), (' recognizes', -11.4010009765625), (' the', -1.4272642135620117), (' contractors', -13.223251342773438), (' of', -4.757386207580566), (' the', -0.9201412796974182), (' homeowner', -11.240615844726562), (' who', -2.8648252487182617), (' has', -3.605159282684326)]"
189,48,value,IC,high,pl,Sebastian values the caretakers of the patient who are, are,-3.1201682090759277,"[('eb', -9.686270713806152), ('ast', -0.22049206495285034), ('ian', -0.07560470700263977), (' values', -12.18014907836914), (' the', -3.995506525039673), (' care', -10.355628967285156), ('t', -2.6271891593933105), ('akers', -0.026703400537371635), (' of', -1.2809003591537476), (' the', -1.3686676025390625), (' patient', -7.15079402923584), (' who', -4.128902435302734), (' are', -3.1201682090759277)]"
190,48,jog,nonIC,high,pl,Sebastian jogs with the caretakers of the patient who are, are,-4.3559794425964355,"[('eb', -9.686270713806152), ('ast', -0.22049206495285034), ('ian', -0.07560470700263977), (' j', -10.097545623779297), ('ogs', -7.190408229827881), (' with', -4.002674102783203), (' the', -2.2425947189331055), (' care', -9.469112396240234), ('t', -4.02726936340332), ('akers', -0.005094997119158506), (' of', -0.7796494364738464), (' the', -1.2690250873565674), (' patient', -8.915510177612305), (' who', -3.487389087677002), (' are', -4.3559794425964355)]"
191,48,value,IC,low,sg,Sebastian values the caretakers of the patient who is, is,-2.0843405723571777,"[('eb', -9.686270713806152), ('ast', -0.22049206495285034), ('ian', -0.07560470700263977), (' values', -12.18014907836914), (' the', -3.995506525039673), (' care', -10.355628967285156), ('t', -2.6271891593933105), ('akers', -0.026703400537371635), (' of', -1.2809003591537476), (' the', -1.3686676025390625), (' patient', -7.15079402923584), (' who', -4.128902435302734), (' is', -2.0843405723571777)]"
192,48,jog,nonIC,low,sg,Sebastian jogs with the caretakers of the patient who is, is,-2.2011027336120605,"[('eb', -9.686270713806152), ('ast', -0.22049206495285034), ('ian', -0.07560470700263977), (' j', -10.097545623779297), ('ogs', -7.190408229827881), (' with', -4.002674102783203), (' the', -2.2425947189331055), (' care', -9.469112396240234), ('t', -4.02726936340332), ('akers', -0.005094997119158506), (' of', -0.7796494364738464), (' the', -1.2690250873565674), (' patient', -8.915510177612305), (' who', -3.487389087677002), (' is', -2.2011027336120605)]"
193,49,fear,IC,high,pl,Emma fears the colleagues of the architect who have, have,-5.448227405548096,"[('ma', -7.715455532073975), (' fears', -10.968328475952148), (' the', -2.0301504135131836), (' colleagues', -12.333027839660645), (' of', -3.0862157344818115), (' the', -1.7519172430038452), (' architect', -8.673761367797852), (' who', -2.661644697189331), (' have', -5.448227405548096)]"
194,49,know,nonIC,high,pl,Emma knows the colleagues of the architect who have, have,-4.305025100708008,"[('ma', -7.715455532073975), (' knows', -7.37818717956543), (' the', -2.565035343170166), (' colleagues', -12.3577880859375), (' of', -2.8519983291625977), (' the', -2.0438106060028076), (' architect', -8.054527282714844), (' who', -2.1539599895477295), (' have', -4.305025100708008)]"
195,49,fear,IC,low,sg,Emma fears the colleagues of the architect who has, has,-4.207230091094971,"[('ma', -7.715455532073975), (' fears', -10.968328475952148), (' the', -2.0301504135131836), (' colleagues', -12.333027839660645), (' of', -3.0862157344818115), (' the', -1.7519172430038452), (' architect', -8.673761367797852), (' who', -2.661644697189331), (' has', -4.207230091094971)]"
196,49,know,nonIC,low,sg,Emma knows the colleagues of the architect who has, has,-5.025018692016602,"[('ma', -7.715455532073975), (' knows', -7.37818717956543), (' the', -2.565035343170166), (' colleagues', -12.3577880859375), (' of', -2.8519983291625977), (' the', -2.0438106060028076), (' architect', -8.054527282714844), (' who', -2.1539599895477295), (' has', -5.025018692016602)]"
197,50,notice,IC,high,pl,Ryan noticed the consultants of the entrepreneur who were, were,-4.781291961669922,"[(' noticed', -10.589599609375), (' the', -2.311851978302002), (' consultants', -12.858793258666992), (' of', -5.757058143615723), (' the', -1.1214103698730469), (' entrepreneur', -10.44870376586914), (' who', -3.602041006088257), (' were', -4.781291961669922)]"
198,50,meet,nonIC,high,pl,Ryan met the consultants of the entrepreneur who were, were,-5.834253311157227,"[(' met', -9.038673400878906), (' the', -2.8040857315063477), (' consultants', -10.969149589538574), (' of', -4.538147926330566), (' the', -1.423889398574829), (' entrepreneur', -9.574548721313477), (' who', -3.0689890384674072), (' were', -5.834253311157227)]"
199,50,notice,IC,low,sg,Ryan noticed the consultants of the entrepreneur who was, was,-2.4046361446380615,"[(' noticed', -10.589599609375), (' the', -2.311851978302002), (' consultants', -12.858793258666992), (' of', -5.757058143615723), (' the', -1.1214103698730469), (' entrepreneur', -10.44870376586914), (' who', -3.602041006088257), (' was', -2.4046361446380615)]"
200,50,meet,nonIC,low,sg,Ryan met the consultants of the entrepreneur who was, was,-2.945993423461914,"[(' met', -9.038673400878906), (' the', -2.8040857315063477), (' consultants', -10.969149589538574), (' of', -4.538147926330566), (' the', -1.423889398574829), (' entrepreneur', -9.574548721313477), (' who', -3.0689890384674072), (' was', -2.945993423461914)]"
201,51,praise,IC,high,sg,Amy praised the guardian of the children who was, was,-4.033995628356934,"[(' praised', -11.562674522399902), (' the', -0.9500421285629272), (' guardian', -11.997532844543457), (' of', -2.719470739364624), (' the', -1.2487491369247437), (' children', -4.844612121582031), (' who', -2.9833123683929443), (' was', -4.033995628356934)]"
202,51,talk,nonIC,high,sg,Amy talked to the guardian of the children who was, was,-3.1354188919067383,"[(' talked', -9.93247127532959), (' to', -1.2030086517333984), (' the', -2.6268131732940674), (' guardian', -10.706048011779785), (' of', -1.7354140281677246), (' the', -1.0860848426818848), (' children', -4.6261467933654785), (' who', -2.871476173400879), (' was', -3.1354188919067383)]"
203,51,praise,IC,low,pl,Amy praised the guardian of the children who were, were,-2.0277392864227295,"[(' praised', -11.562674522399902), (' the', -0.9500421285629272), (' guardian', -11.997532844543457), (' of', -2.719470739364624), (' the', -1.2487491369247437), (' children', -4.844612121582031), (' who', -2.9833123683929443), (' were', -2.0277392864227295)]"
204,51,talk,nonIC,low,pl,Amy talked to the guardian of the children who were, were,-1.6877871751785278,"[(' talked', -9.93247127532959), (' to', -1.2030086517333984), (' the', -2.6268131732940674), (' guardian', -10.706048011779785), (' of', -1.7354140281677246), (' the', -1.0860848426818848), (' children', -4.6261467933654785), (' who', -2.871476173400879), (' were', -1.6877871751785278)]"
205,52,hate,IC,high,sg,Jonathon hates the supervisor of the artisans who is, is,-5.288798809051514,"[('athon', -9.774033546447754), (' hates', -12.052352905273438), (' the', -2.345860719680786), (' supervisor', -12.287272453308105), (' of', -4.944533824920654), (' the', -1.2807804346084595), (' art', -8.023344039916992), ('isans', -6.674976348876953), (' who', -2.4238319396972656), (' is', -5.288798809051514)]"
206,52,live,nonIC,high,sg,Jonathon lives next to the supervisor of the artisans who is, is,-5.3921380043029785,"[('athon', -9.774033546447754), (' lives', -11.925033569335938), (' next', -5.733959197998047), (' to', -1.311220645904541), (' the', -1.8060098886489868), (' supervisor', -12.217153549194336), (' of', -2.2430272102355957), (' the', -0.9040608406066895), (' art', -8.904583930969238), ('isans', -6.277407646179199), (' who', -2.525125741958618), (' is', -5.3921380043029785)]"
207,52,hate,IC,low,pl,Jonathon hates the supervisor of the artisans who are, are,-2.664241313934326,"[('athon', -9.774033546447754), (' hates', -12.052352905273438), (' the', -2.345860719680786), (' supervisor', -12.287272453308105), (' of', -4.944533824920654), (' the', -1.2807804346084595), (' art', -8.023344039916992), ('isans', -6.674976348876953), (' who', -2.4238319396972656), (' are', -2.664241313934326)]"
208,52,live,nonIC,low,pl,Jonathon lives next to the supervisor of the artisans who are, are,-2.8144707679748535,"[('athon', -9.774033546447754), (' lives', -11.925033569335938), (' next', -5.733959197998047), (' to', -1.311220645904541), (' the', -1.8060098886489868), (' supervisor', -12.217153549194336), (' of', -2.2430272102355957), (' the', -0.9040608406066895), (' art', -8.904583930969238), ('isans', -6.277407646179199), (' who', -2.525125741958618), (' are', -2.8144707679748535)]"
209,53,blame,IC,high,sg,Natalie blamed the principal of the teachers who was, was,-4.27784538269043,"[('atalie', -11.767288208007812), (' blamed', -11.583725929260254), (' the', -1.223807692527771), (' principal', -9.895528793334961), (' of', -2.4015798568725586), (' the', -0.9981815218925476), (' teachers', -8.264126777648926), (' who', -6.443364143371582), (' was', -4.27784538269043)]"
210,53,resemble,nonIC,high,sg,Natalie resembled the principal of the teachers who was, was,-4.808026313781738,"[('atalie', -11.767288208007812), (' resembled', -14.434052467346191), (' the', -1.7726433277130127), (' principal', -9.05843448638916), (' of', -2.1549947261810303), (' the', -1.2549726963043213), (' teachers', -9.109151840209961), (' who', -4.8033366203308105), (' was', -4.808026313781738)]"
211,53,blame,IC,low,pl,Natalie blamed the principal of the teachers who were, were,-2.2285821437835693,"[('atalie', -11.767288208007812), (' blamed', -11.583725929260254), (' the', -1.223807692527771), (' principal', -9.895528793334961), (' of', -2.4015798568725586), (' the', -0.9981815218925476), (' teachers', -8.264126777648926), (' who', -6.443364143371582), (' were', -2.2285821437835693)]"
212,53,resemble,nonIC,low,pl,Natalie resembled the principal of the teachers who were, were,-2.1030781269073486,"[('atalie', -11.767288208007812), (' resembled', -14.434052467346191), (' the', -1.7726433277130127), (' principal', -9.05843448638916), (' of', -2.1549947261810303), (' the', -1.2549726963043213), (' teachers', -9.109151840209961), (' who', -4.8033366203308105), (' were', -2.1030781269073486)]"
213,54,help,IC,high,sg,Alex helped the counselor of the highschoolers who was, was,-2.9569895267486572,"[(' helped', -9.663599014282227), (' the', -2.66542911529541), (' counselor', -12.136711120605469), (' of', -5.830798149108887), (' the', -1.4386459589004517), (' high', -5.909060478210449), ('school', -5.921398639678955), ('ers', -3.907686710357666), (' who', -3.281306266784668), (' was', -2.9569895267486572)]"
214,54,greet,nonIC,high,sg,Alex greeted the counselor of the highschoolers who was, was,-3.583430290222168,"[(' greeted', -12.883382797241211), (' the', -2.1352527141571045), (' counselor', -11.053611755371094), (' of', -4.387767791748047), (' the', -0.7106728553771973), (' high', -5.741649627685547), ('school', -6.426839828491211), ('ers', -4.604092121124268), (' who', -3.1142539978027344), (' was', -3.583430290222168)]"
215,54,help,IC,low,pl,Alex helped the counselor of the highschoolers who were, were,-1.3208277225494385,"[(' helped', -9.663599014282227), (' the', -2.66542911529541), (' counselor', -12.136711120605469), (' of', -5.830798149108887), (' the', -1.4386459589004517), (' high', -5.909060478210449), ('school', -5.921398639678955), ('ers', -3.907686710357666), (' who', -3.281306266784668), (' were', -1.3208277225494385)]"
216,54,greet,nonIC,low,pl,Alex greeted the counselor of the highschoolers who were, were,-1.4342374801635742,"[(' greeted', -12.883382797241211), (' the', -2.1352527141571045), (' counselor', -11.053611755371094), (' of', -4.387767791748047), (' the', -0.7106728553771973), (' high', -5.741649627685547), ('school', -6.426839828491211), ('ers', -4.604092121124268), (' who', -3.1142539978027344), (' were', -1.4342374801635742)]"
217,55,reproach,IC,high,sg,Tiffany reproached the intern of the executives who was, was,-5.369098663330078,"[('iff', -8.703763008117676), ('any', -1.174601674079895), (' repro', -15.788337707519531), ('ached', -0.8943379521369934), (' the', -1.6928950548171997), (' intern', -9.245272636413574), (' of', -3.6137514114379883), (' the', -0.7666140794754028), (' executives', -10.51083755493164), (' who', -2.883126735687256), (' was', -5.369098663330078)]"
218,55,study,nonIC,high,sg,Tiffany studied with the intern of the executives who was, was,-4.554956436157227,"[('iff', -8.703763008117676), ('any', -1.174601674079895), (' studied', -10.4468994140625), (' with', -3.1028029918670654), (' the', -3.054290771484375), (' intern', -9.01276969909668), (' of', -2.6048715114593506), (' the', -0.9618905186653137), (' executives', -12.205046653747559), (' who', -3.4163641929626465), (' was', -4.554956436157227)]"
219,55,reproach,IC,low,pl,Tiffany reproached the intern of the executives who were, were,-1.876446008682251,"[('iff', -8.703763008117676), ('any', -1.174601674079895), (' repro', -15.788337707519531), ('ached', -0.8943379521369934), (' the', -1.6928950548171997), (' intern', -9.245272636413574), (' of', -3.6137514114379883), (' the', -0.7666140794754028), (' executives', -10.51083755493164), (' who', -2.883126735687256), (' were', -1.876446008682251)]"
220,55,study,nonIC,low,pl,Tiffany studied with the intern of the executives who were, were,-2.0843217372894287,"[('iff', -8.703763008117676), ('any', -1.174601674079895), (' studied', -10.4468994140625), (' with', -3.1028029918670654), (' the', -3.054290771484375), (' intern', -9.01276969909668), (' of', -2.6048715114593506), (' the', -0.9618905186653137), (' executives', -12.205046653747559), (' who', -3.4163641929626465), (' were', -2.0843217372894287)]"
221,56,pacify,IC,high,sg,Samuel pacified the neighbor of the musicians who was, was,-2.690931797027588,"[('uel', -7.956862449645996), (' pac', -15.743494033813477), ('ified', -0.621564507484436), (' the', -1.1654706001281738), (' neighbor', -8.608402252197266), (' of', -4.515041351318359), (' the', -1.4224549531936646), (' musicians', -11.812846183776855), (' who', -2.1117238998413086), (' was', -2.690931797027588)]"
222,56,chat,nonIC,high,sg,Samuel chatted with the neighbor of the musicians who was, was,-2.033515453338623,"[('uel', -7.956862449645996), (' ch', -11.157999038696289), ('atted', -2.1074576377868652), (' with', -0.6838116645812988), (' the', -2.647737979888916), (' neighbor', -9.90195369720459), (' of', -3.50521183013916), (' the', -1.0445122718811035), (' musicians', -11.617115020751953), (' who', -1.9860305786132812), (' was', -2.033515453338623)]"
223,56,pacify,IC,low,pl,Samuel pacified the neighbor of the musicians who were, were,-1.39053213596344,"[('uel', -7.956862449645996), (' pac', -15.743494033813477), ('ified', -0.621564507484436), (' the', -1.1654706001281738), (' neighbor', -8.608402252197266), (' of', -4.515041351318359), (' the', -1.4224549531936646), (' musicians', -11.812846183776855), (' who', -2.1117238998413086), (' were', -1.39053213596344)]"
224,56,chat,nonIC,low,pl,Samuel chatted with the neighbor of the musicians who were, were,-2.887603282928467,"[('uel', -7.956862449645996), (' ch', -11.157999038696289), ('atted', -2.1074576377868652), (' with', -0.6838116645812988), (' the', -2.647737979888916), (' neighbor', -9.90195369720459), (' of', -3.50521183013916), (' the', -1.0445122718811035), (' musicians', -11.617115020751953), (' who', -1.9860305786132812), (' were', -2.887603282928467)]"
225,57,detest,IC,high,sg,Julie detests the boss of the administrators who has, has,-5.352479457855225,"[('ie', -6.097168445587158), (' det', -12.8208589553833), ('ests', -2.009463310241699), (' the', -1.711198329925537), (' boss', -9.535560607910156), (' of', -3.419931411743164), (' the', -1.3356983661651611), (' administrators', -11.531627655029297), (' who', -2.3579928874969482), (' has', -5.352479457855225)]"
226,57,visit,nonIC,high,sg,Julie visits the boss of the administrators who has, has,-5.202240943908691,"[('ie', -6.097168445587158), (' visits', -10.304295539855957), (' the', -1.4152860641479492), (' boss', -10.643837928771973), (' of', -1.8746181726455688), (' the', -1.3549946546554565), (' administrators', -12.281965255737305), (' who', -3.3388495445251465), (' has', -5.202240943908691)]"
227,57,detest,IC,low,pl,Julie detests the boss of the administrators who have, have,-2.994676113128662,"[('ie', -6.097168445587158), (' det', -12.8208589553833), ('ests', -2.009463310241699), (' the', -1.711198329925537), (' boss', -9.535560607910156), (' of', -3.419931411743164), (' the', -1.3356983661651611), (' administrators', -11.531627655029297), (' who', -2.3579928874969482), (' have', -2.994676113128662)]"
228,57,visit,nonIC,low,pl,Julie visits the boss of the administrators who have, have,-2.725213050842285,"[('ie', -6.097168445587158), (' visits', -10.304295539855957), (' the', -1.4152860641479492), (' boss', -10.643837928771973), (' of', -1.8746181726455688), (' the', -1.3549946546554565), (' administrators', -12.281965255737305), (' who', -3.3388495445251465), (' have', -2.725213050842285)]"
229,58,thank,IC,high,sg,Ethan thanked the host of the guests who was, was,-6.587939739227295,"[('than', -10.508368492126465), (' thanked', -9.551915168762207), (' the', -1.8163902759552002), (' host', -6.072253227233887), (' of', -1.7176074981689453), (' the', -1.6459839344024658), (' guests', -7.613614082336426), (' who', -3.5101213455200195), (' was', -6.587939739227295)]"
230,58,ran,nonIC,high,sg,Ethan ran into the host of the guests who was, was,-5.214784145355225,"[('than', -10.508368492126465), (' ran', -9.096035957336426), (' into', -2.796865463256836), (' the', -2.3493404388427734), (' host', -9.321640014648438), (' of', -2.624695301055908), (' the', -2.300447940826416), (' guests', -8.168121337890625), (' who', -3.1777451038360596), (' was', -5.214784145355225)]"
231,58,thank,IC,low,pl,Ethan thanked the host of the guests who were, were,-2.33821439743042,"[('than', -10.508368492126465), (' thanked', -9.551915168762207), (' the', -1.8163902759552002), (' host', -6.072253227233887), (' of', -1.7176074981689453), (' the', -1.6459839344024658), (' guests', -7.613614082336426), (' who', -3.5101213455200195), (' were', -2.33821439743042)]"
232,58,ran,nonIC,low,pl,Ethan ran into the host of the guests who were, were,-1.333253264427185,"[('than', -10.508368492126465), (' ran', -9.096035957336426), (' into', -2.796865463256836), (' the', -2.3493404388427734), (' host', -9.321640014648438), (' of', -2.624695301055908), (' the', -2.300447940826416), (' guests', -8.168121337890625), (' who', -3.1777451038360596), (' were', -1.333253264427185)]"
233,59,congratulate,IC,high,sg,Grace congratulates the director of the staff members who has, has,-7.537862777709961,"[('ace', -7.673612594604492), (' congrat', -13.870767593383789), ('ulates', -0.004834628663957119), (' the', -2.186041831970215), (' director', -7.278361797332764), (' of', -1.3013626337051392), (' the', -0.643661379814148), (' staff', -7.797435283660889), (' members', -7.244054317474365), (' who', -2.021291732788086), (' has', -7.537862777709961)]"
234,59,work,nonIC,high,sg,Grace works with the director of the staff members who has, has,-6.698082447052002,"[('ace', -7.673612594604492), (' works', -9.380548477172852), (' with', -1.7843637466430664), (' the', -2.231276035308838), (' director', -7.116899013519287), (' of', -1.3844780921936035), (' the', -1.466377854347229), (' staff', -8.674858093261719), (' members', -7.374828338623047), (' who', -2.539595603942871), (' has', -6.698082447052002)]"
235,59,congratulate,IC,low,pl,Grace congratulates the director of the staff members who have, have,-2.672804117202759,"[('ace', -7.673612594604492), (' congrat', -13.870767593383789), ('ulates', -0.004834628663957119), (' the', -2.186041831970215), (' director', -7.278361797332764), (' of', -1.3013626337051392), (' the', -0.643661379814148), (' staff', -7.797435283660889), (' members', -7.244054317474365), (' who', -2.021291732788086), (' have', -2.672804117202759)]"
236,59,work,nonIC,low,pl,Grace works with the director of the staff members who have, have,-3.155052661895752,"[('ace', -7.673612594604492), (' works', -9.380548477172852), (' with', -1.7843637466430664), (' the', -2.231276035308838), (' director', -7.116899013519287), (' of', -1.3844780921936035), (' the', -1.466377854347229), (' staff', -8.674858093261719), (' members', -7.374828338623047), (' who', -2.539595603942871), (' have', -3.155052661895752)]"
237,60,mock,IC,high,sg,Joseph mocked the trainer of the boxers who was, was,-3.3869900703430176,"[(' mocked', -12.635422706604004), (' the', -1.6712424755096436), (' trainer', -10.560861587524414), (' of', -4.748542308807373), (' the', -1.3325756788253784), (' box', -9.428080558776855), ('ers', -2.447488784790039), (' who', -2.746506690979004), (' was', -3.3869900703430176)]"
238,60,carpool,nonIC,high,sg,Joseph carpooled with the trainer of the boxers who was, was,-3.1043715476989746,"[(' car', -9.746220588684082), ('pool', -5.434363842010498), ('ed', -0.74117112159729), (' with', -1.555830717086792), (' the', -2.90842342376709), (' trainer', -9.19184398651123), (' of', -5.278277397155762), (' the', -1.386765718460083), (' box', -8.882933616638184), ('ers', -2.9841501712799072), (' who', -3.411447525024414), (' was', -3.1043715476989746)]"
239,60,mock,IC,low,pl,Joseph mocked the trainer of the boxers who were, were,-2.455845355987549,"[(' mocked', -12.635422706604004), (' the', -1.6712424755096436), (' trainer', -10.560861587524414), (' of', -4.748542308807373), (' the', -1.3325756788253784), (' box', -9.428080558776855), ('ers', -2.447488784790039), (' who', -2.746506690979004), (' were', -2.455845355987549)]"
240,60,carpool,nonIC,low,pl,Joseph carpooled with the trainer of the boxers who were, were,-1.6473402976989746,"[(' car', -9.746220588684082), ('pool', -5.434363842010498), ('ed', -0.74117112159729), (' with', -1.555830717086792), (' the', -2.90842342376709), (' trainer', -9.19184398651123), (' of', -5.278277397155762), (' the', -1.386765718460083), (' box', -8.882933616638184), ('ers', -2.9841501712799072), (' who', -3.411447525024414), (' were', -1.6473402976989746)]"
