sent_id,item_id,verb,sentence_type,verb_type,main_clause,target,question,prompt
1,1,scold,IC,IC_High,Anna scolded the chef,Anna scolded the chef who was routinely letting food go to waste.,"Does this sentence explain why Anna scolded the chef? If yes, please provide an explanation. If not, just say no and you don't need an explanation.","Sentence: Anna scolded the chef who was routinely letting food go to waste. Question: Does this sentence explain why Anna scolded the chef? If yes, please provide an explanation. If not, just say no and you don't need an explanation. Answer: "
2,1,study,nonIC,nonIC_High,Anna studied with the chef,Anna studied with the chef who was routinely letting food go to waste.,"Does this sentence explain why Anna studied with the chef? If yes, please provide an explanation. If not, just say no and you don't need an explanation.","Sentence: Anna studied with the chef who was routinely letting food go to waste. Question: Does this sentence explain why Anna studied with the chef? If yes, please provide an explanation. If not, just say no and you don't need an explanation. Answer: "
3,2,stare,IC,IC_High,John stared at the teacher,John stared at the teacher who was definitely the smartest in the school.,"Does this sentence explain why John stared at the teacher? If yes, please provide an explanation. If not, just say no and you don't need an explanation.","Sentence: John stared at the teacher who was definitely the smartest in the school. Question: Does this sentence explain why John stared at the teacher? If yes, please provide an explanation. If not, just say no and you don't need an explanation. Answer: "
4,2,live,nonIC,nonIC_High,John lived next to the teacher,John lived next to the teacher who was definitely the smartest in the school.,"Does this sentence explain why John lived next to the teacher? If yes, please provide an explanation. If not, just say no and you don't need an explanation.","Sentence: John lived next to the teacher who was definitely the smartest in the school. Question: Does this sentence explain why John lived next to the teacher? If yes, please provide an explanation. If not, just say no and you don't need an explanation. Answer: "
5,3,assist,IC,IC_High,Jenny assisted the maid,Jenny assisted the maid who was regularly late to work.,"Does this sentence explain why Jenny assisted the maid? If yes, please provide an explanation. If not, just say no and you don't need an explanation.","Sentence: Jenny assisted the maid who was regularly late to work. Question: Does this sentence explain why Jenny assisted the maid? If yes, please provide an explanation. If not, just say no and you don't need an explanation. Answer: "
6,3,joke,nonIC,nonIC_High,Jenny joked with the maid,Jenny joked with the maid who was regularly late to work.,"Does this sentence explain why Jenny joked with the maid? If yes, please provide an explanation. If not, just say no and you don't need an explanation.","Sentence: Jenny joked with the maid who was regularly late to work. Question: Does this sentence explain why Jenny joked with the maid? If yes, please provide an explanation. If not, just say no and you don't need an explanation. Answer: "
7,4,trust,IC,IC_High,Nick trusted the captain,Nick trusted the captain who has consistently weathered big storms.,"Does this sentence explain why Nick trusted the captain? If yes, please provide an explanation. If not, just say no and you don't need an explanation.","Sentence: Nick trusted the captain who has consistently weathered big storms. Question: Does this sentence explain why Nick trusted the captain? If yes, please provide an explanation. If not, just say no and you don't need an explanation. Answer: "
8,4,stand,nonIC,nonIC_High,Nick stood near the captain,Nick stood near the captain who has consistently weathered big storms.,"Does this sentence explain why Nick stood near the captain? If yes, please provide an explanation. If not, just say no and you don't need an explanation.","Sentence: Nick stood near the captain who has consistently weathered big storms. Question: Does this sentence explain why Nick stood near the captain? If yes, please provide an explanation. If not, just say no and you don't need an explanation. Answer: "
9,5,correct,IC,IC_High,Angela corrected the secretary,Angela corrected the secretary who has occasionally made small mistakes.,"Does this sentence explain why Angela corrected the secretary? If yes, please provide an explanation. If not, just say no and you don't need an explanation.","Sentence: Angela corrected the secretary who has occasionally made small mistakes. Question: Does this sentence explain why Angela corrected the secretary? If yes, please provide an explanation. If not, just say no and you don't need an explanation. Answer: "
10,5,gossip,nonIC,nonIC_High,Angela gossiped with the secretary,Angela gossiped with the secretary who has occasionally made small mistakes.,"Does this sentence explain why Angela gossiped with the secretary? If yes, please provide an explanation. If not, just say no and you don't need an explanation.","Sentence: Angela gossiped with the secretary who has occasionally made small mistakes. Question: Does this sentence explain why Angela gossiped with the secretary? If yes, please provide an explanation. If not, just say no and you don't need an explanation. Answer: "
11,6,comfort,IC,IC_High,Bob comforted the leader,Bob comforted the leader who was deeply disappointed by the court's decision.,"Does this sentence explain why Bob comforted the leader? If yes, please provide an explanation. If not, just say no and you don't need an explanation.","Sentence: Bob comforted the leader who was deeply disappointed by the court's decision. Question: Does this sentence explain why Bob comforted the leader? If yes, please provide an explanation. If not, just say no and you don't need an explanation. Answer: "
12,6,greet,nonIC,nonIC_High,Bob greeted the leader,Bob greeted the leader who was deeply disappointed by the court's decision.,"Does this sentence explain why Bob greeted the leader? If yes, please provide an explanation. If not, just say no and you don't need an explanation.","Sentence: Bob greeted the leader who was deeply disappointed by the court's decision. Question: Does this sentence explain why Bob greeted the leader? If yes, please provide an explanation. If not, just say no and you don't need an explanation. Answer: "
13,7,envy,IC,IC_High,Laura envies the manager,Laura envies the manager who has supposedly received a huge raise.,"Does this sentence explain why Laura envies the manager? If yes, please provide an explanation. If not, just say no and you don't need an explanation.","Sentence: Laura envies the manager who has supposedly received a huge raise. Question: Does this sentence explain why Laura envies the manager? If yes, please provide an explanation. If not, just say no and you don't need an explanation. Answer: "
14,7,know,nonIC,nonIC_High,Laura knows the manager,Laura knows the manager who has supposedly received a huge raise.,"Does this sentence explain why Laura knows the manager? If yes, please provide an explanation. If not, just say no and you don't need an explanation.","Sentence: Laura knows the manager who has supposedly received a huge raise. Question: Does this sentence explain why Laura knows the manager? If yes, please provide an explanation. If not, just say no and you don't need an explanation. Answer: "
15,8,value,IC,IC_High,Zack valued the daughter,Zack valued the daughter who was usually willing to spot him a few dollars.,"Does this sentence explain why Zack valued the daughter? If yes, please provide an explanation. If not, just say no and you don't need an explanation.","Sentence: Zack valued the daughter who was usually willing to spot him a few dollars. Question: Does this sentence explain why Zack valued the daughter? If yes, please provide an explanation. If not, just say no and you don't need an explanation. Answer: "
16,8,recognize,nonIC,nonIC_High,Zack recognized the daughter,Zack recognized the daughter who was usually willing to spot him a few dollars.,"Does this sentence explain why Zack recognized the daughter? If yes, please provide an explanation. If not, just say no and you don't need an explanation.","Sentence: Zack recognized the daughter who was usually willing to spot him a few dollars. Question: Does this sentence explain why Zack recognized the daughter? If yes, please provide an explanation. If not, just say no and you don't need an explanation. Answer: "
17,9,fear,IC,IC_High,Sarah fears the man,Sarah fears the man who is often heard yelling and screaming.,"Does this sentence explain why Sarah fears the man? If yes, please provide an explanation. If not, just say no and you don't need an explanation.","Sentence: Sarah fears the man who is often heard yelling and screaming. Question: Does this sentence explain why Sarah fears the man? If yes, please provide an explanation. If not, just say no and you don't need an explanation. Answer: "
18,9,jog,nonIC,nonIC_High,Sarah jogs with the man,Sarah jogs with the man who is often heard yelling and screaming.,"Does this sentence explain why Sarah jogs with the man? If yes, please provide an explanation. If not, just say no and you don't need an explanation.","Sentence: Sarah jogs with the man who is often heard yelling and screaming. Question: Does this sentence explain why Sarah jogs with the man? If yes, please provide an explanation. If not, just say no and you don't need an explanation. Answer: "
19,10,notice,IC,IC_High,Adam noticed the representative,Adam noticed the representative who was always wearing safety goggles.,"Does this sentence explain why Adam noticed the representative? If yes, please provide an explanation. If not, just say no and you don't need an explanation.","Sentence: Adam noticed the representative who was always wearing safety goggles. Question: Does this sentence explain why Adam noticed the representative? If yes, please provide an explanation. If not, just say no and you don't need an explanation. Answer: "
20,10,resemble,nonIC,nonIC_High,Adam resembled the representative,Adam resembled the representative who was always wearing safety goggles.,"Does this sentence explain why Adam resembled the representative? If yes, please provide an explanation. If not, just say no and you don't need an explanation.","Sentence: Adam resembled the representative who was always wearing safety goggles. Question: Does this sentence explain why Adam resembled the representative? If yes, please provide an explanation. If not, just say no and you don't need an explanation. Answer: "
21,11,praise,IC,IC_High,Tina praised the gardeners,Tina praised the gardeners who have recently installed a solar powered sprinkler.,"Does this sentence explain why Tina praised the gardeners? If yes, please provide an explanation. If not, just say no and you don't need an explanation.","Sentence: Tina praised the gardeners who have recently installed a solar powered sprinkler. Question: Does this sentence explain why Tina praised the gardeners? If yes, please provide an explanation. If not, just say no and you don't need an explanation. Answer: "
22,11,meet,nonIC,nonIC_High,Tina met the gardeners,Tina met the gardeners who have recently installed a solar powered sprinkler.,"Does this sentence explain why Tina met the gardeners? If yes, please provide an explanation. If not, just say no and you don't need an explanation.","Sentence: Tina met the gardeners who have recently installed a solar powered sprinkler. Question: Does this sentence explain why Tina met the gardeners? If yes, please provide an explanation. If not, just say no and you don't need an explanation. Answer: "
23,12,hate,IC,IC_High,Justin hates the cousins,Justin hates the cousins who are forever telling the same tasteless jokes.,"Does this sentence explain why Justin hates the cousins? If yes, please provide an explanation. If not, just say no and you don't need an explanation.","Sentence: Justin hates the cousins who are forever telling the same tasteless jokes. Question: Does this sentence explain why Justin hates the cousins? If yes, please provide an explanation. If not, just say no and you don't need an explanation. Answer: "
24,12,carpool,nonIC,nonIC_High,Justin carpools with the cousins,Justin carpools with the cousins who are forever telling the same tasteless jokes.,"Does this sentence explain why Justin carpools with the cousins? If yes, please provide an explanation. If not, just say no and you don't need an explanation.","Sentence: Justin carpools with the cousins who are forever telling the same tasteless jokes. Question: Does this sentence explain why Justin carpools with the cousins? If yes, please provide an explanation. If not, just say no and you don't need an explanation. Answer: "
25,13,blame,IC,IC_High,Emily blamed the nieces,Emily blamed the nieces who have repeatedly ruined expensive orchids.,"Does this sentence explain why Emily blamed the nieces? If yes, please provide an explanation. If not, just say no and you don't need an explanation.","Sentence: Emily blamed the nieces who have repeatedly ruined expensive orchids. Question: Does this sentence explain why Emily blamed the nieces? If yes, please provide an explanation. If not, just say no and you don't need an explanation. Answer: "
26,13,wait,nonIC,nonIC_High,Emily waited with the nieces,Emily waited with the nieces who have repeatedly ruined expensive orchids.,"Does this sentence explain why Emily waited with the nieces? If yes, please provide an explanation. If not, just say no and you don't need an explanation.","Sentence: Emily waited with the nieces who have repeatedly ruined expensive orchids. Question: Does this sentence explain why Emily waited with the nieces? If yes, please provide an explanation. If not, just say no and you don't need an explanation. Answer: "
27,14,help,IC,IC_High,Joe helped the boys,Joe helped the boys who are perpetually failing math class.,"Does this sentence explain why Joe helped the boys? If yes, please provide an explanation. If not, just say no and you don't need an explanation.","Sentence: Joe helped the boys who are perpetually failing math class. Question: Does this sentence explain why Joe helped the boys? If yes, please provide an explanation. If not, just say no and you don't need an explanation. Answer: "
28,14,run,nonIC,nonIC_High,Joe ran into the boys,Joe ran into the boys who are perpetually failing math class.,"Does this sentence explain why Joe ran into the boys? If yes, please provide an explanation. If not, just say no and you don't need an explanation.","Sentence: Joe ran into the boys who are perpetually failing math class. Question: Does this sentence explain why Joe ran into the boys? If yes, please provide an explanation. If not, just say no and you don't need an explanation. Answer: "
29,15,reproach,IC,IC_High,Jessica reproached the doctors,Jessica reproached the doctors who were adamantly in favor of plastic surgery.,"Does this sentence explain why Jessica reproached the doctors? If yes, please provide an explanation. If not, just say no and you don't need an explanation.","Sentence: Jessica reproached the doctors who were adamantly in favor of plastic surgery. Question: Does this sentence explain why Jessica reproached the doctors? If yes, please provide an explanation. If not, just say no and you don't need an explanation. Answer: "
30,15,work,nonIC,nonIC_High,Jessica worked with the doctors,Jessica worked with the doctors who were adamantly in favor of plastic surgery.,"Does this sentence explain why Jessica worked with the doctors? If yes, please provide an explanation. If not, just say no and you don't need an explanation.","Sentence: Jessica worked with the doctors who were adamantly in favor of plastic surgery. Question: Does this sentence explain why Jessica worked with the doctors? If yes, please provide an explanation. If not, just say no and you don't need an explanation. Answer: "
31,16,pacify,IC,IC_High,Brian pacified the associates,Brian pacified the associates who were nearly bankrupted by the new tax policy.,"Does this sentence explain why Brian pacified the associates? If yes, please provide an explanation. If not, just say no and you don't need an explanation.","Sentence: Brian pacified the associates who were nearly bankrupted by the new tax policy. Question: Does this sentence explain why Brian pacified the associates? If yes, please provide an explanation. If not, just say no and you don't need an explanation. Answer: "
32,16,visit,nonIC,nonIC_High,Brian visited the associates,Brian visited the associates who were nearly bankrupted by the new tax policy.,"Does this sentence explain why Brian visited the associates? If yes, please provide an explanation. If not, just say no and you don't need an explanation.","Sentence: Brian visited the associates who were nearly bankrupted by the new tax policy. Question: Does this sentence explain why Brian visited the associates? If yes, please provide an explanation. If not, just say no and you don't need an explanation. Answer: "
33,17,detest,IC,IC_High,Melissa detests the children,Melissa detests the children who are generally arrogant and rude.,"Does this sentence explain why Melissa detests the children? If yes, please provide an explanation. If not, just say no and you don't need an explanation.","Sentence: Melissa detests the children who are generally arrogant and rude. Question: Does this sentence explain why Melissa detests the children? If yes, please provide an explanation. If not, just say no and you don't need an explanation. Answer: "
34,17,babysit,nonIC,nonIC_High,Melissa babysits the children,Melissa babysits the children who are generally arrogant and rude.,"Does this sentence explain why Melissa babysits the children? If yes, please provide an explanation. If not, just say no and you don't need an explanation.","Sentence: Melissa babysits the children who are generally arrogant and rude. Question: Does this sentence explain why Melissa babysits the children? If yes, please provide an explanation. If not, just say no and you don't need an explanation. Answer: "
35,18,thank,IC,IC_High,Frank thanked the servants,Frank thanked the servants who are lately been helping the poor.,"Does this sentence explain why Frank thanked the servants? If yes, please provide an explanation. If not, just say no and you don't need an explanation.","Sentence: Frank thanked the servants who are lately been helping the poor. Question: Does this sentence explain why Frank thanked the servants? If yes, please provide an explanation. If not, just say no and you don't need an explanation. Answer: "
36,18,talk,nonIC,nonIC_High,Frank talked to the servants,Frank talked to the servants who are lately been helping the poor.,"Does this sentence explain why Frank talked to the servants? If yes, please provide an explanation. If not, just say no and you don't need an explanation.","Sentence: Frank talked to the servants who are lately been helping the poor. Question: Does this sentence explain why Frank talked to the servants? If yes, please provide an explanation. If not, just say no and you don't need an explanation. Answer: "
37,19,congratulate,IC,IC_High,Tracy congratulated the bodyguards,Tracy congratulated the bodyguards who were constantly fighting off the paparazzi.,"Does this sentence explain why Tracy congratulated the bodyguards? If yes, please provide an explanation. If not, just say no and you don't need an explanation.","Sentence: Tracy congratulated the bodyguards who were constantly fighting off the paparazzi. Question: Does this sentence explain why Tracy congratulated the bodyguards? If yes, please provide an explanation. If not, just say no and you don't need an explanation. Answer: "
38,19,chat,nonIC,nonIC_High,Tracy chatted with the bodyguards,Tracy chatted with the bodyguards who were constantly fighting off the paparazzi.,"Does this sentence explain why Tracy chatted with the bodyguards? If yes, please provide an explanation. If not, just say no and you don't need an explanation.","Sentence: Tracy chatted with the bodyguards who were constantly fighting off the paparazzi. Question: Does this sentence explain why Tracy chatted with the bodyguards? If yes, please provide an explanation. If not, just say no and you don't need an explanation. Answer: "
39,20,mock,IC,IC_High,Kevin mocked the fans,Kevin mocked the fans who were continually stagediving and getting hurt.,"Does this sentence explain why Kevin mocked the fans? If yes, please provide an explanation. If not, just say no and you don't need an explanation.","Sentence: Kevin mocked the fans who were continually stagediving and getting hurt. Question: Does this sentence explain why Kevin mocked the fans? If yes, please provide an explanation. If not, just say no and you don't need an explanation. Answer: "
40,20,count,nonIC,nonIC_High,Kevin counted the fans,Kevin counted the fans who were continually stagediving and getting hurt.,"Does this sentence explain why Kevin counted the fans? If yes, please provide an explanation. If not, just say no and you don't need an explanation.","Sentence: Kevin counted the fans who were continually stagediving and getting hurt. Question: Does this sentence explain why Kevin counted the fans? If yes, please provide an explanation. If not, just say no and you don't need an explanation. Answer: "
41,21,scold,IC,IC_High,Alice scolded the coordinator,Alice scolded the coordinator who was constantly making mistakes.,"Does this sentence explain why Alice scolded the coordinator? If yes, please provide an explanation. If not, just say no and you don't need an explanation.","Sentence: Alice scolded the coordinator who was constantly making mistakes. Question: Does this sentence explain why Alice scolded the coordinator? If yes, please provide an explanation. If not, just say no and you don't need an explanation. Answer: "
42,21,joke,nonIC,nonIC_High,Alice joked with the coordinator,Alice joked with the coordinator who was constantly making mistakes.,"Does this sentence explain why Alice joked with the coordinator? If yes, please provide an explanation. If not, just say no and you don't need an explanation.","Sentence: Alice joked with the coordinator who was constantly making mistakes. Question: Does this sentence explain why Alice joked with the coordinator? If yes, please provide an explanation. If not, just say no and you don't need an explanation. Answer: "
43,22,stare,IC,IC_High,Charles stared at the patron,Charles stared at the patron who was behaving in a strange way.,"Does this sentence explain why Charles stared at the patron? If yes, please provide an explanation. If not, just say no and you don't need an explanation.","Sentence: Charles stared at the patron who was behaving in a strange way. Question: Does this sentence explain why Charles stared at the patron? If yes, please provide an explanation. If not, just say no and you don't need an explanation. Answer: "
44,22,study,nonIC,nonIC_High,Charles studied with the patron,Charles studied with the patron who was behaving in a strange way.,"Does this sentence explain why Charles studied with the patron? If yes, please provide an explanation. If not, just say no and you don't need an explanation.","Sentence: Charles studied with the patron who was behaving in a strange way. Question: Does this sentence explain why Charles studied with the patron? If yes, please provide an explanation. If not, just say no and you don't need an explanation. Answer: "
45,23,assist,IC,IC_High,Ben assisted the coach,Ben assisted the coach who was overwhelmed with work.,"Does this sentence explain why Ben assisted the coach? If yes, please provide an explanation. If not, just say no and you don't need an explanation.","Sentence: Ben assisted the coach who was overwhelmed with work. Question: Does this sentence explain why Ben assisted the coach? If yes, please provide an explanation. If not, just say no and you don't need an explanation. Answer: "
46,23,stand,nonIC,nonIC_High,Ben stood next to the coach,Ben stood next to the coach who was overwhelmed with work.,"Does this sentence explain why Ben stood next to the coach? If yes, please provide an explanation. If not, just say no and you don't need an explanation.","Sentence: Ben stood next to the coach who was overwhelmed with work. Question: Does this sentence explain why Ben stood next to the coach? If yes, please provide an explanation. If not, just say no and you don't need an explanation. Answer: "
47,24,trust,IC,IC_High,Bob trusted the physician,Bob trusted the physician who was caring and considerate.,"Does this sentence explain why Bob trusted the physician? If yes, please provide an explanation. If not, just say no and you don't need an explanation.","Sentence: Bob trusted the physician who was caring and considerate. Question: Does this sentence explain why Bob trusted the physician? If yes, please provide an explanation. If not, just say no and you don't need an explanation. Answer: "
48,24,live,nonIC,nonIC_High,Bob lived next to the physician,Bob lived next to the physician who was caring and considerate.,"Does this sentence explain why Bob lived next to the physician? If yes, please provide an explanation. If not, just say no and you don't need an explanation.","Sentence: Bob lived next to the physician who was caring and considerate. Question: Does this sentence explain why Bob lived next to the physician? If yes, please provide an explanation. If not, just say no and you don't need an explanation. Answer: "
49,25,correct,IC,IC_High,Rachel corrected the agent,Rachel corrected the trainee who was misinterpreting her intention.,"Does this sentence explain why Rachel corrected the agent? If yes, please provide an explanation. If not, just say no and you don't need an explanation.","Sentence: Rachel corrected the trainee who was misinterpreting her intention. Question: Does this sentence explain why Rachel corrected the agent? If yes, please provide an explanation. If not, just say no and you don't need an explanation. Answer: "
50,25,run,nonIC,nonIC_High,Rachel ran into the agent,Rachel ran into the trainee who was misinterpreting her intention. ,"Does this sentence explain why Rachel ran into the agent? If yes, please provide an explanation. If not, just say no and you don't need an explanation.","Sentence: Rachel ran into the trainee who was misinterpreting her intention.  Question: Does this sentence explain why Rachel ran into the agent? If yes, please provide an explanation. If not, just say no and you don't need an explanation. Answer: "
51,26,thank,IC,IC_High,James thanked the analyst,James thanked the analyst who was willing to take on the extra work.,"Does this sentence explain why James thanked the analyst? If yes, please provide an explanation. If not, just say no and you don't need an explanation.","Sentence: James thanked the analyst who was willing to take on the extra work. Question: Does this sentence explain why James thanked the analyst? If yes, please provide an explanation. If not, just say no and you don't need an explanation. Answer: "
52,26,chat,nonIC,nonIC_High,James chatted with the analyst,James chatted with the analyst who was willing to take on the extra work.,"Does this sentence explain why James chatted with the analyst? If yes, please provide an explanation. If not, just say no and you don't need an explanation.","Sentence: James chatted with the analyst who was willing to take on the extra work. Question: Does this sentence explain why James chatted with the analyst? If yes, please provide an explanation. If not, just say no and you don't need an explanation. Answer: "
53,27,envy,IC,IC_High,Zoey envies the representative,Zoey envies the representative who is well-known by the locals.,"Does this sentence explain why Zoey envies the representative? If yes, please provide an explanation. If not, just say no and you don't need an explanation.","Sentence: Zoey envies the representative who is well-known by the locals. Question: Does this sentence explain why Zoey envies the representative? If yes, please provide an explanation. If not, just say no and you don't need an explanation. Answer: "
54,27,resemble,nonIC,nonIC_High,Zoey resembles the representative,Zoey resembles the representative who is well-known by the locals.,"Does this sentence explain why Zoey resembles the representative? If yes, please provide an explanation. If not, just say no and you don't need an explanation.","Sentence: Zoey resembles the representative who is well-known by the locals. Question: Does this sentence explain why Zoey resembles the representative? If yes, please provide an explanation. If not, just say no and you don't need an explanation. Answer: "
55,28,value,IC,IC_High,Stephen values the accountant,Stephen values the accountant who is diligent and hard-working.,"Does this sentence explain why Stephen values the accountant? If yes, please provide an explanation. If not, just say no and you don't need an explanation.","Sentence: Stephen values the accountant who is diligent and hard-working. Question: Does this sentence explain why Stephen values the accountant? If yes, please provide an explanation. If not, just say no and you don't need an explanation. Answer: "
56,28,meet,nonIC,nonIC_High,Stephen met the accountant,Stephen met the accountant who is diligent and hard-working.,"Does this sentence explain why Stephen met the accountant? If yes, please provide an explanation. If not, just say no and you don't need an explanation.","Sentence: Stephen met the accountant who is diligent and hard-working. Question: Does this sentence explain why Stephen met the accountant? If yes, please provide an explanation. If not, just say no and you don't need an explanation. Answer: "
57,29,fear,IC,IC_High,Liz fears the lawyer,Liz fears the lawyer who is stern and humorless.,"Does this sentence explain why Liz fears the lawyer? If yes, please provide an explanation. If not, just say no and you don't need an explanation.","Sentence: Liz fears the lawyer who is stern and humorless. Question: Does this sentence explain why Liz fears the lawyer? If yes, please provide an explanation. If not, just say no and you don't need an explanation. Answer: "
58,29,recognize,nonIC,nonIC_High,Liz recognizes the lawyer,Liz recognizes the lawyer who is stern and humorless.,"Does this sentence explain why Liz recognizes the lawyer? If yes, please provide an explanation. If not, just say no and you don't need an explanation.","Sentence: Liz recognizes the lawyer who is stern and humorless. Question: Does this sentence explain why Liz recognizes the lawyer? If yes, please provide an explanation. If not, just say no and you don't need an explanation. Answer: "
59,30,notice,IC,IC_High,Jan noticed the son,Jan noticed the son who was unusually quiet and soft-spoken.,"Does this sentence explain why Jan noticed the son? If yes, please provide an explanation. If not, just say no and you don't need an explanation.","Sentence: Jan noticed the son who was unusually quiet and soft-spoken. Question: Does this sentence explain why Jan noticed the son? If yes, please provide an explanation. If not, just say no and you don't need an explanation. Answer: "
60,30,jog,nonIC,nonIC_High,Jan jogged with the son,Jan jogged with the son who was unusually quiet and soft-spoken.,"Does this sentence explain why Jan jogged with the son? If yes, please provide an explanation. If not, just say no and you don't need an explanation.","Sentence: Jan jogged with the son who was unusually quiet and soft-spoken. Question: Does this sentence explain why Jan jogged with the son? If yes, please provide an explanation. If not, just say no and you don't need an explanation. Answer: "
61,31,praise,IC,IC_High,Luke praised the tenants,Luke praised the tenants who were always nice and friendly to others.,"Does this sentence explain why Luke praised the tenants? If yes, please provide an explanation. If not, just say no and you don't need an explanation.","Sentence: Luke praised the tenants who were always nice and friendly to others. Question: Does this sentence explain why Luke praised the tenants? If yes, please provide an explanation. If not, just say no and you don't need an explanation. Answer: "
62,31,carpool,nonIC,nonIC_High,Luke carpooled with the tenants,Luke carpooled with the tenants who were always nice and friendly to others.,"Does this sentence explain why Luke carpooled with the tenants? If yes, please provide an explanation. If not, just say no and you don't need an explanation.","Sentence: Luke carpooled with the tenants who were always nice and friendly to others. Question: Does this sentence explain why Luke carpooled with the tenants? If yes, please provide an explanation. If not, just say no and you don't need an explanation. Answer: "
63,32,hate,IC,IC_High,Karen hates the followers,Karen hates the followers who are pretentious and ego-centric.,"Does this sentence explain why Karen hates the followers? If yes, please provide an explanation. If not, just say no and you don't need an explanation.","Sentence: Karen hates the followers who are pretentious and ego-centric. Question: Does this sentence explain why Karen hates the followers? If yes, please provide an explanation. If not, just say no and you don't need an explanation. Answer: "
64,32,know,nonIC,nonIC_High,Karen knows the followers,Karen knows the followers who are pretentious and ego-centric.,"Does this sentence explain why Karen knows the followers? If yes, please provide an explanation. If not, just say no and you don't need an explanation.","Sentence: Karen knows the followers who are pretentious and ego-centric. Question: Does this sentence explain why Karen knows the followers? If yes, please provide an explanation. If not, just say no and you don't need an explanation. Answer: "
65,33,blame,IC,IC_High,Jack blamed the trainees,Jack blamed the trainees who were running late.,"Does this sentence explain why Jack blamed the trainees? If yes, please provide an explanation. If not, just say no and you don't need an explanation.","Sentence: Jack blamed the trainees who were running late. Question: Does this sentence explain why Jack blamed the trainees? If yes, please provide an explanation. If not, just say no and you don't need an explanation. Answer: "
66,33,gossip,nonIC,nonIC_High,Jack gossiped with the trainees,Jack gossiped with the trainees who were running late.,"Does this sentence explain why Jack gossiped with the trainees? If yes, please provide an explanation. If not, just say no and you don't need an explanation.","Sentence: Jack gossiped with the trainees who were running late. Question: Does this sentence explain why Jack gossiped with the trainees? If yes, please provide an explanation. If not, just say no and you don't need an explanation. Answer: "
67,34,help,IC,IC_High,Sophia helped the students,Sophia helped the students who were struggling with the class.,"Does this sentence explain why Sophia helped the students? If yes, please provide an explanation. If not, just say no and you don't need an explanation.","Sentence: Sophia helped the students who were struggling with the class. Question: Does this sentence explain why Sophia helped the students? If yes, please provide an explanation. If not, just say no and you don't need an explanation. Answer: "
68,34,wait,nonIC,nonIC_High,Sophia waited with the students,Sophia waited with the students who were struggling with the class.,"Does this sentence explain why Sophia waited with the students? If yes, please provide an explanation. If not, just say no and you don't need an explanation.","Sentence: Sophia waited with the students who were struggling with the class. Question: Does this sentence explain why Sophia waited with the students? If yes, please provide an explanation. If not, just say no and you don't need an explanation. Answer: "
69,35,reproach,IC,IC_High,Noah reproached the assistants,Noah reproached the assistants who were reluctant to take responsibility.,"Does this sentence explain why Noah reproached the assistants? If yes, please provide an explanation. If not, just say no and you don't need an explanation.","Sentence: Noah reproached the assistants who were reluctant to take responsibility. Question: Does this sentence explain why Noah reproached the assistants? If yes, please provide an explanation. If not, just say no and you don't need an explanation. Answer: "
70,35,visit,nonIC,nonIC_High,Noah visited the assistants,Noah visited the assistants who were reluctant to take responsibility.,"Does this sentence explain why Noah visited the assistants? If yes, please provide an explanation. If not, just say no and you don't need an explanation.","Sentence: Noah visited the assistants who were reluctant to take responsibility. Question: Does this sentence explain why Noah visited the assistants? If yes, please provide an explanation. If not, just say no and you don't need an explanation. Answer: "
71,36,pacify,IC,IC_High,Charlotte pacified the patients,Charlotte pacified the patients who were anxiously waiting for the treatments.,"Does this sentence explain why Charlotte pacified the patients? If yes, please provide an explanation. If not, just say no and you don't need an explanation.","Sentence: Charlotte pacified the patients who were anxiously waiting for the treatments. Question: Does this sentence explain why Charlotte pacified the patients? If yes, please provide an explanation. If not, just say no and you don't need an explanation. Answer: "
72,36,greet,nonIC,nonIC_High,Charlotte greeted the patients,Charlotte greeted the patients who were anxiously waiting for the treatments.,"Does this sentence explain why Charlotte greeted the patients? If yes, please provide an explanation. If not, just say no and you don't need an explanation.","Sentence: Charlotte greeted the patients who were anxiously waiting for the treatments. Question: Does this sentence explain why Charlotte greeted the patients? If yes, please provide an explanation. If not, just say no and you don't need an explanation. Answer: "
73,37,detest,IC,IC_High,Evelyn detests the supporters,Evelyn detests the supporters who have unrealistic requests.,"Does this sentence explain why Evelyn detests the supporters? If yes, please provide an explanation. If not, just say no and you don't need an explanation.","Sentence: Evelyn detests the supporters who have unrealistic requests. Question: Does this sentence explain why Evelyn detests the supporters? If yes, please provide an explanation. If not, just say no and you don't need an explanation. Answer: "
74,37,work,nonIC,nonIC_High,Evelyn works with the supporters,Evelyn works with the supporters who have unrealistic requests.,"Does this sentence explain why Evelyn works with the supporters? If yes, please provide an explanation. If not, just say no and you don't need an explanation.","Sentence: Evelyn works with the supporters who have unrealistic requests. Question: Does this sentence explain why Evelyn works with the supporters? If yes, please provide an explanation. If not, just say no and you don't need an explanation. Answer: "
75,38,comfort,IC,IC_High,Ken comforted the children,Ken comforted the children who were anxious about the test result.,"Does this sentence explain why Ken comforted the children? If yes, please provide an explanation. If not, just say no and you don't need an explanation.","Sentence: Ken comforted the children who were anxious about the test result. Question: Does this sentence explain why Ken comforted the children? If yes, please provide an explanation. If not, just say no and you don't need an explanation. Answer: "
76,38,babysit,nonIC,nonIC_High,Ken babysat the children,Ken babysat the children who were anxious about the test result.,"Does this sentence explain why Ken babysat the children? If yes, please provide an explanation. If not, just say no and you don't need an explanation.","Sentence: Ken babysat the children who were anxious about the test result. Question: Does this sentence explain why Ken babysat the children? If yes, please provide an explanation. If not, just say no and you don't need an explanation. Answer: "
77,39,congratulate,IC,IC_High,Henry congratulated the architects,Henry congratulated the architects who were winning the best design award.,"Does this sentence explain why Henry congratulated the architects? If yes, please provide an explanation. If not, just say no and you don't need an explanation.","Sentence: Henry congratulated the architects who were winning the best design award. Question: Does this sentence explain why Henry congratulated the architects? If yes, please provide an explanation. If not, just say no and you don't need an explanation. Answer: "
78,39,count,nonIC,nonIC_High,Henry counted the architects,Henry counted the architects who were winning the best design award.,"Does this sentence explain why Henry counted the architects? If yes, please provide an explanation. If not, just say no and you don't need an explanation.","Sentence: Henry counted the architects who were winning the best design award. Question: Does this sentence explain why Henry counted the architects? If yes, please provide an explanation. If not, just say no and you don't need an explanation. Answer: "
79,40,mock,IC,IC_High,Olivia mocked the apprentices,Olivia mocked the apprentices who were reckless in making decisions.,"Does this sentence explain why Olivia mocked the apprentices? If yes, please provide an explanation. If not, just say no and you don't need an explanation.","Sentence: Olivia mocked the apprentices who were reckless in making decisions. Question: Does this sentence explain why Olivia mocked the apprentices? If yes, please provide an explanation. If not, just say no and you don't need an explanation. Answer: "
80,40,talk,nonIC,nonIC_High,Olivia talked to the apprentices,Olivia talked to the apprentices who were reckless in making decisions.,"Does this sentence explain why Olivia talked to the apprentices? If yes, please provide an explanation. If not, just say no and you don't need an explanation.","Sentence: Olivia talked to the apprentices who were reckless in making decisions. Question: Does this sentence explain why Olivia talked to the apprentices? If yes, please provide an explanation. If not, just say no and you don't need an explanation. Answer: "
81,41,scold,IC,IC_High,Ashley scolded the children,Ashley scolded the children who were nonchalant about other people's needs.,"Does this sentence explain why Ashley scolded the children? If yes, please provide an explanation. If not, just say no and you don't need an explanation.","Sentence: Ashley scolded the children who were nonchalant about other people's needs. Question: Does this sentence explain why Ashley scolded the children? If yes, please provide an explanation. If not, just say no and you don't need an explanation. Answer: "
82,41,babysit,nonIC,nonIC_High,Ashley studied with the children,Ashley studied with the children who were nonchalant about other people's needs.,"Does this sentence explain why Ashley studied with the children? If yes, please provide an explanation. If not, just say no and you don't need an explanation.","Sentence: Ashley studied with the children who were nonchalant about other people's needs. Question: Does this sentence explain why Ashley studied with the children? If yes, please provide an explanation. If not, just say no and you don't need an explanation. Answer: "
83,42,stare,IC,IC_High,Daniel stared at the clients,Daniel stared at the clients who were always unsatisfied with the product.,"Does this sentence explain why Daniel stared at the clients? If yes, please provide an explanation. If not, just say no and you don't need an explanation.","Sentence: Daniel stared at the clients who were always unsatisfied with the product. Question: Does this sentence explain why Daniel stared at the clients? If yes, please provide an explanation. If not, just say no and you don't need an explanation. Answer: "
84,42,count,nonIC,nonIC_High,Daniel counted the clients,Daniel counted the clients who were always unsatisfied with the product.,"Does this sentence explain why Daniel counted the clients? If yes, please provide an explanation. If not, just say no and you don't need an explanation.","Sentence: Daniel counted the clients who were always unsatisfied with the product. Question: Does this sentence explain why Daniel counted the clients? If yes, please provide an explanation. If not, just say no and you don't need an explanation. Answer: "
85,43,assist,IC,IC_High,Megan assisted the photographers,Megan assisted the photographers who were busy getting ready.,"Does this sentence explain why Megan assisted the photographers? If yes, please provide an explanation. If not, just say no and you don't need an explanation.","Sentence: Megan assisted the photographers who were busy getting ready. Question: Does this sentence explain why Megan assisted the photographers? If yes, please provide an explanation. If not, just say no and you don't need an explanation. Answer: "
86,43,joke,nonIC,nonIC_High,Megan joked with the photographers,Megan joked with the photographers who were busy getting ready.,"Does this sentence explain why Megan joked with the photographers? If yes, please provide an explanation. If not, just say no and you don't need an explanation.","Sentence: Megan joked with the photographers who were busy getting ready. Question: Does this sentence explain why Megan joked with the photographers? If yes, please provide an explanation. If not, just say no and you don't need an explanation. Answer: "
87,44,trust,IC,IC_High,Lucas trusted the instructors,Lucas trusted the professors who were knowledgeable.,"Does this sentence explain why Lucas trusted the instructors? If yes, please provide an explanation. If not, just say no and you don't need an explanation.","Sentence: Lucas trusted the professors who were knowledgeable. Question: Does this sentence explain why Lucas trusted the instructors? If yes, please provide an explanation. If not, just say no and you don't need an explanation. Answer: "
88,44,wait,nonIC,nonIC_High,Lucas waited with the instructors,Lucas waited with the professors who were knowledgeable.,"Does this sentence explain why Lucas waited with the instructors? If yes, please provide an explanation. If not, just say no and you don't need an explanation.","Sentence: Lucas waited with the professors who were knowledgeable. Question: Does this sentence explain why Lucas waited with the instructors? If yes, please provide an explanation. If not, just say no and you don't need an explanation. Answer: "
89,45,correct,IC,IC_High,Michelle corrected the advisers,Michelle corrected the advisers who were constantly mispronouncing her name.,"Does this sentence explain why Michelle corrected the advisers? If yes, please provide an explanation. If not, just say no and you don't need an explanation.","Sentence: Michelle corrected the advisers who were constantly mispronouncing her name. Question: Does this sentence explain why Michelle corrected the advisers? If yes, please provide an explanation. If not, just say no and you don't need an explanation. Answer: "
90,45,stand,nonIC,nonIC_High,Michelle stood near the adivsers,Michelle stood near the advisers who were constantly mispronouncing her name.,"Does this sentence explain why Michelle stood near the adivsers? If yes, please provide an explanation. If not, just say no and you don't need an explanation.","Sentence: Michelle stood near the advisers who were constantly mispronouncing her name. Question: Does this sentence explain why Michelle stood near the adivsers? If yes, please provide an explanation. If not, just say no and you don't need an explanation. Answer: "
91,46,comfort,IC,IC_High,Oliver comforted the advisees,Oliver comforted the advisees who were worried about starting a new project.,"Does this sentence explain why Oliver comforted the advisees? If yes, please provide an explanation. If not, just say no and you don't need an explanation.","Sentence: Oliver comforted the advisees who were worried about starting a new project. Question: Does this sentence explain why Oliver comforted the advisees? If yes, please provide an explanation. If not, just say no and you don't need an explanation. Answer: "
92,46,gossip,nonIC,nonIC_High,Oliver gossiped with the advisees,Oliver gossiped with the advisees who were worried about starting a new project.,"Does this sentence explain why Oliver gossiped with the advisees? If yes, please provide an explanation. If not, just say no and you don't need an explanation.","Sentence: Oliver gossiped with the advisees who were worried about starting a new project. Question: Does this sentence explain why Oliver gossiped with the advisees? If yes, please provide an explanation. If not, just say no and you don't need an explanation. Answer: "
93,47,envy,IC,IC_High,Rebecca envies the contractors,Rebecca envies the researchers who have made a lot of money.,"Does this sentence explain why Rebecca envies the contractors? If yes, please provide an explanation. If not, just say no and you don't need an explanation.","Sentence: Rebecca envies the researchers who have made a lot of money. Question: Does this sentence explain why Rebecca envies the contractors? If yes, please provide an explanation. If not, just say no and you don't need an explanation. Answer: "
94,47,recognize,nonIC,nonIC_High,Rebecca recognizes the contractors,Rebecca recognizes the researchers who have made a lot of money.,"Does this sentence explain why Rebecca recognizes the contractors? If yes, please provide an explanation. If not, just say no and you don't need an explanation.","Sentence: Rebecca recognizes the researchers who have made a lot of money. Question: Does this sentence explain why Rebecca recognizes the contractors? If yes, please provide an explanation. If not, just say no and you don't need an explanation. Answer: "
95,48,value,IC,IC_High,Sebastian values the caretakers,Sebastian values the caretakers who are taking care of everyone.,"Does this sentence explain why Sebastian values the caretakers? If yes, please provide an explanation. If not, just say no and you don't need an explanation.","Sentence: Sebastian values the caretakers who are taking care of everyone. Question: Does this sentence explain why Sebastian values the caretakers? If yes, please provide an explanation. If not, just say no and you don't need an explanation. Answer: "
96,48,jog,nonIC,nonIC_High,Sebastian jogs with the caretakers,Sebastian jogs with the caretakers who are taking care of everyone.,"Does this sentence explain why Sebastian jogs with the caretakers? If yes, please provide an explanation. If not, just say no and you don't need an explanation.","Sentence: Sebastian jogs with the caretakers who are taking care of everyone. Question: Does this sentence explain why Sebastian jogs with the caretakers? If yes, please provide an explanation. If not, just say no and you don't need an explanation. Answer: "
97,49,fear,IC,IC_High,Emma fears the colleagues,Emma fears the colleagues who have unpredictable behavior.,"Does this sentence explain why Emma fears the colleagues? If yes, please provide an explanation. If not, just say no and you don't need an explanation.","Sentence: Emma fears the colleagues who have unpredictable behavior. Question: Does this sentence explain why Emma fears the colleagues? If yes, please provide an explanation. If not, just say no and you don't need an explanation. Answer: "
98,49,know,nonIC,nonIC_High,Emma knows the colleagues,Emma knows the colleagues who have unpredictable behavior.,"Does this sentence explain why Emma knows the colleagues? If yes, please provide an explanation. If not, just say no and you don't need an explanation.","Sentence: Emma knows the colleagues who have unpredictable behavior. Question: Does this sentence explain why Emma knows the colleagues? If yes, please provide an explanation. If not, just say no and you don't need an explanation. Answer: "
99,50,notice,IC,IC_High,Ryan noticed the consultants,Ryan noticed the consultants who were abnormally busy at work.,"Does this sentence explain why Ryan noticed the consultants? If yes, please provide an explanation. If not, just say no and you don't need an explanation.","Sentence: Ryan noticed the consultants who were abnormally busy at work. Question: Does this sentence explain why Ryan noticed the consultants? If yes, please provide an explanation. If not, just say no and you don't need an explanation. Answer: "
100,50,meet,nonIC,nonIC_High,Ryan met the consultants,Ryan met the consultants who were abnormally busy at work.,"Does this sentence explain why Ryan met the consultants? If yes, please provide an explanation. If not, just say no and you don't need an explanation.","Sentence: Ryan met the consultants who were abnormally busy at work. Question: Does this sentence explain why Ryan met the consultants? If yes, please provide an explanation. If not, just say no and you don't need an explanation. Answer: "
101,51,praise,IC,IC_High,Amy praised the guardian,Amy praised the guardian who was diligent in keeping everything on track.,"Does this sentence explain why Amy praised the guardian? If yes, please provide an explanation. If not, just say no and you don't need an explanation.","Sentence: Amy praised the guardian who was diligent in keeping everything on track. Question: Does this sentence explain why Amy praised the guardian? If yes, please provide an explanation. If not, just say no and you don't need an explanation. Answer: "
102,51,talk,nonIC,nonIC_High,Amy talked to the guardian,Amy talked to the guardian who was diligent in keeping everything on track.,"Does this sentence explain why Amy talked to the guardian? If yes, please provide an explanation. If not, just say no and you don't need an explanation.","Sentence: Amy talked to the guardian who was diligent in keeping everything on track. Question: Does this sentence explain why Amy talked to the guardian? If yes, please provide an explanation. If not, just say no and you don't need an explanation. Answer: "
103,52,hate,IC,IC_High,Jonathon hates the supervisor,Jonathon hates the supervisor who is always shouting at others.,"Does this sentence explain why Jonathon hates the supervisor? If yes, please provide an explanation. If not, just say no and you don't need an explanation.","Sentence: Jonathon hates the supervisor who is always shouting at others. Question: Does this sentence explain why Jonathon hates the supervisor? If yes, please provide an explanation. If not, just say no and you don't need an explanation. Answer: "
104,52,live,nonIC,nonIC_High,Jonathon lives next to the supervisor,Jonathon lives next to the supervisor who is always shouting at others.,"Does this sentence explain why Jonathon lives next to the supervisor? If yes, please provide an explanation. If not, just say no and you don't need an explanation.","Sentence: Jonathon lives next to the supervisor who is always shouting at others. Question: Does this sentence explain why Jonathon lives next to the supervisor? If yes, please provide an explanation. If not, just say no and you don't need an explanation. Answer: "
105,53,blame,IC,IC_High,Natalie blamed the principal,Natalie blamed the principal who was late to the meeting.,"Does this sentence explain why Natalie blamed the principal? If yes, please provide an explanation. If not, just say no and you don't need an explanation.","Sentence: Natalie blamed the principal who was late to the meeting. Question: Does this sentence explain why Natalie blamed the principal? If yes, please provide an explanation. If not, just say no and you don't need an explanation. Answer: "
106,53,resemble,nonIC,nonIC_High,Natalie resembled the principal,Natalie resembled the principal who was late to the meeting.,"Does this sentence explain why Natalie resembled the principal? If yes, please provide an explanation. If not, just say no and you don't need an explanation.","Sentence: Natalie resembled the principal who was late to the meeting. Question: Does this sentence explain why Natalie resembled the principal? If yes, please provide an explanation. If not, just say no and you don't need an explanation. Answer: "
107,54,help,IC,IC_High,Alex helped the counselor,Alex helped the counselor who was looking for information.,"Does this sentence explain why Alex helped the counselor? If yes, please provide an explanation. If not, just say no and you don't need an explanation.","Sentence: Alex helped the counselor who was looking for information. Question: Does this sentence explain why Alex helped the counselor? If yes, please provide an explanation. If not, just say no and you don't need an explanation. Answer: "
108,54,greet,nonIC,nonIC_High,Alex greeted the counselor,Alex greeted the counselor who was looking for information.,"Does this sentence explain why Alex greeted the counselor? If yes, please provide an explanation. If not, just say no and you don't need an explanation.","Sentence: Alex greeted the counselor who was looking for information. Question: Does this sentence explain why Alex greeted the counselor? If yes, please provide an explanation. If not, just say no and you don't need an explanation. Answer: "
109,55,reproach,IC,IC_High,Tiffany reproached the intern,Tiffany reproached the intern who was negligent and sluggish.,"Does this sentence explain why Tiffany reproached the intern? If yes, please provide an explanation. If not, just say no and you don't need an explanation.","Sentence: Tiffany reproached the intern who was negligent and sluggish. Question: Does this sentence explain why Tiffany reproached the intern? If yes, please provide an explanation. If not, just say no and you don't need an explanation. Answer: "
110,55,study,nonIC,nonIC_High,Tiffany studied with the intern,Tiffany studied with the intern who was negligent and sluggish.,"Does this sentence explain why Tiffany studied with the intern? If yes, please provide an explanation. If not, just say no and you don't need an explanation.","Sentence: Tiffany studied with the intern who was negligent and sluggish. Question: Does this sentence explain why Tiffany studied with the intern? If yes, please provide an explanation. If not, just say no and you don't need an explanation. Answer: "
111,56,pacify,IC,IC_High,Samuel pacified the neighbor,Samuel pacified the neighbor who was irritated by the noise.,"Does this sentence explain why Samuel pacified the neighbor? If yes, please provide an explanation. If not, just say no and you don't need an explanation.","Sentence: Samuel pacified the neighbor who was irritated by the noise. Question: Does this sentence explain why Samuel pacified the neighbor? If yes, please provide an explanation. If not, just say no and you don't need an explanation. Answer: "
112,56,chat,nonIC,nonIC_High,Samuel chatted with the neighbor,Samuel chatted with the neighbor who was irritated by the noise.,"Does this sentence explain why Samuel chatted with the neighbor? If yes, please provide an explanation. If not, just say no and you don't need an explanation.","Sentence: Samuel chatted with the neighbor who was irritated by the noise. Question: Does this sentence explain why Samuel chatted with the neighbor? If yes, please provide an explanation. If not, just say no and you don't need an explanation. Answer: "
113,57,detest,IC,IC_High,Julie detests the manager,Julie detests the manager who has been demanding and unfair.,"Does this sentence explain why Julie detests the manager? If yes, please provide an explanation. If not, just say no and you don't need an explanation.","Sentence: Julie detests the manager who has been demanding and unfair. Question: Does this sentence explain why Julie detests the manager? If yes, please provide an explanation. If not, just say no and you don't need an explanation. Answer: "
114,57,visit,nonIC,nonIC_High,Julie visits the manager,Julie visits the manager who has been demanding and unfair.,"Does this sentence explain why Julie visits the manager? If yes, please provide an explanation. If not, just say no and you don't need an explanation.","Sentence: Julie visits the manager who has been demanding and unfair. Question: Does this sentence explain why Julie visits the manager? If yes, please provide an explanation. If not, just say no and you don't need an explanation. Answer: "
115,58,thank,IC,IC_High,Ethan thanked the host,Ethan thanked the host who was organizing the event.,"Does this sentence explain why Ethan thanked the host? If yes, please provide an explanation. If not, just say no and you don't need an explanation.","Sentence: Ethan thanked the host who was organizing the event. Question: Does this sentence explain why Ethan thanked the host? If yes, please provide an explanation. If not, just say no and you don't need an explanation. Answer: "
116,58,ran,nonIC,nonIC_High,Ethan ran into the host,Ethan ran into the host who was organizing the event.,"Does this sentence explain why Ethan ran into the host? If yes, please provide an explanation. If not, just say no and you don't need an explanation.","Sentence: Ethan ran into the host who was organizing the event. Question: Does this sentence explain why Ethan ran into the host? If yes, please provide an explanation. If not, just say no and you don't need an explanation. Answer: "
117,59,congratulate,IC,IC_High,Grace congratulates the director,Grace congratulates the conductor who has recently won the award.,"Does this sentence explain why Grace congratulates the director? If yes, please provide an explanation. If not, just say no and you don't need an explanation.","Sentence: Grace congratulates the conductor who has recently won the award. Question: Does this sentence explain why Grace congratulates the director? If yes, please provide an explanation. If not, just say no and you don't need an explanation. Answer: "
118,59,work,nonIC,nonIC_High,Grace works with the director,Grace works with the conductor who has recently won the award.,"Does this sentence explain why Grace works with the director? If yes, please provide an explanation. If not, just say no and you don't need an explanation.","Sentence: Grace works with the conductor who has recently won the award. Question: Does this sentence explain why Grace works with the director? If yes, please provide an explanation. If not, just say no and you don't need an explanation. Answer: "
119,60,mock,IC,IC_High,Joseph mocked the trainer,Joseph mocked the trainer who was scared by the coyote.,"Does this sentence explain why Joseph mocked the trainer? If yes, please provide an explanation. If not, just say no and you don't need an explanation.","Sentence: Joseph mocked the trainer who was scared by the coyote. Question: Does this sentence explain why Joseph mocked the trainer? If yes, please provide an explanation. If not, just say no and you don't need an explanation. Answer: "
120,60,carpool,nonIC,nonIC_High,Joseph carpooled with the trainer,Joseph carpooled with the trainer who was scared by the coyote.,"Does this sentence explain why Joseph carpooled with the trainer? If yes, please provide an explanation. If not, just say no and you don't need an explanation.","Sentence: Joseph carpooled with the trainer who was scared by the coyote. Question: Does this sentence explain why Joseph carpooled with the trainer? If yes, please provide an explanation. If not, just say no and you don't need an explanation. Answer: "