item_id,sentence_type,target,option,alt_option,prompt,alt_prompt,answer_option,answer,raw_probs
1,IC,Anna scolded the chef of the aristocrats who ___ routinely letting food go to waste.,"1) was, 2) were","1) were, 2) was","Sentence: Anna scolded the chef of the aristocrats who ___ routinely letting food go to waste. Options: 1) was, 2) were. Answer: ","Sentence: Anna scolded the chef of the aristocrats who ___ routinely letting food go to waste. Options: 1) were, 2) was. Answer: ","1) was, 2) were",1,"[ChatCompletionTokenLogprob(token='1', bytes=[49], logprob=-7.89631e-07, top_logprobs=[TopLogprob(token='1', bytes=[49], logprob=-7.89631e-07), TopLogprob(token='Answer', bytes=[65, 110, 115, 119, 101, 114], logprob=-15.148694), TopLogprob(token='Option', bytes=[79, 112, 116, 105, 111, 110], logprob=-15.166463), TopLogprob(token='The', bytes=[84, 104, 101], logprob=-16.088875), TopLogprob(token='2', bytes=[50], logprob=-16.471048)])]"
1,nonIC,Anna studied with the chef of the aristocrats who ___ routinely letting food go to waste.,"1) was, 2) were","1) were, 2) was","Sentence: Anna studied with the chef of the aristocrats who ___ routinely letting food go to waste. Options: 1) was, 2) were. Answer: ","Sentence: Anna studied with the chef of the aristocrats who ___ routinely letting food go to waste. Options: 1) were, 2) was. Answer: ","1) were, 2) was",1,"[ChatCompletionTokenLogprob(token='1', bytes=[49], logprob=-3.3809047e-05, top_logprobs=[TopLogprob(token='1', bytes=[49], logprob=-3.3809047e-05), TopLogprob(token='2', bytes=[50], logprob=-10.3268385), TopLogprob(token='Answer', bytes=[65, 110, 115, 119, 101, 114], logprob=-14.404832), TopLogprob(token='Option', bytes=[79, 112, 116, 105, 111, 110], logprob=-15.444884), TopLogprob(token='The', bytes=[84, 104, 101], logprob=-15.800866)])]"
2,IC,John stared at the teacher of the second graders who ___ definitely smartest in the school.,"1) was, 2) were","1) were, 2) was","Sentence: John stared at the teacher of the second graders who ___ definitely smartest in the school. Options: 1) was, 2) were. Answer: ","Sentence: John stared at the teacher of the second graders who ___ definitely smartest in the school. Options: 1) were, 2) was. Answer: ","1) were, 2) was",2,"[ChatCompletionTokenLogprob(token='2', bytes=[50], logprob=-0.40595308, top_logprobs=[TopLogprob(token='2', bytes=[50], logprob=-0.40595308), TopLogprob(token='1', bytes=[49], logprob=-1.0976378), TopLogprob(token='The', bytes=[84, 104, 101], logprob=-16.179127), TopLogprob(token='Option', bytes=[79, 112, 116, 105, 111, 110], logprob=-16.357405), TopLogprob(token='Answer', bytes=[65, 110, 115, 119, 101, 114], logprob=-16.754425)])]"
2,nonIC,John lived next to the teacher of the second graders who ___ definitely smartest in the school.,"1) was, 2) were","1) were, 2) was","Sentence: John lived next to the teacher of the second graders who ___ definitely smartest in the school. Options: 1) was, 2) were. Answer: ","Sentence: John lived next to the teacher of the second graders who ___ definitely smartest in the school. Options: 1) were, 2) was. Answer: ","1) was, 2) were",1,"[ChatCompletionTokenLogprob(token='1', bytes=[49], logprob=-0.0587389, top_logprobs=[TopLogprob(token='1', bytes=[49], logprob=-0.0587389), TopLogprob(token='2', bytes=[50], logprob=-2.8638842), TopLogprob(token='The', bytes=[84, 104, 101], logprob=-15.883835), TopLogprob(token='Option', bytes=[79, 112, 116, 105, 111, 110], logprob=-16.924097), TopLogprob(token='Answer', bytes=[65, 110, 115, 119, 101, 114], logprob=-17.322716)])]"
3,IC,Jenny assisted the maid of the executives who ___ regularly late to work.,"1) was, 2) were","1) were, 2) was","Sentence: Jenny assisted the maid of the executives who ___ regularly late to work. Options: 1) was, 2) were. Answer: ","Sentence: Jenny assisted the maid of the executives who ___ regularly late to work. Options: 1) were, 2) was. Answer: ","1) was, 2) were",2,"[ChatCompletionTokenLogprob(token='2', bytes=[50], logprob=-0.0070249694, top_logprobs=[TopLogprob(token='2', bytes=[50], logprob=-0.0070249694), TopLogprob(token='1', bytes=[49], logprob=-4.961855), TopLogprob(token='The', bytes=[84, 104, 101], logprob=-16.048433), TopLogprob(token='Option', bytes=[79, 112, 116, 105, 111, 110], logprob=-16.264463), TopLogprob(token='Answer', bytes=[65, 110, 115, 119, 101, 114], logprob=-16.569769)])]"
3,nonIC,Jenny joked with the maid of the executives who were regularly late to work.,"1) was, 2) were","1) were, 2) was","Sentence: Jenny joked with the maid of the executives who were regularly late to work. Options: 1) was, 2) were. Answer: ","Sentence: Jenny joked with the maid of the executives who were regularly late to work. Options: 1) were, 2) was. Answer: ","1) were, 2) was",1) were,"[ChatCompletionTokenLogprob(token='1', bytes=[49], logprob=-0.0009911301, top_logprobs=[TopLogprob(token='1', bytes=[49], logprob=-0.0009911301), TopLogprob(token='2', bytes=[50], logprob=-6.91777), TopLogprob(token='The', bytes=[84, 104, 101], logprob=-15.209983), TopLogprob(token='Option', bytes=[79, 112, 116, 105, 111, 110], logprob=-15.468621), TopLogprob(token='Answer', bytes=[65, 110, 115, 119, 101, 114], logprob=-15.743709)]), ChatCompletionTokenLogprob(token=')', bytes=[41], logprob=-0.6874811, top_logprobs=[TopLogprob(token=')', bytes=[41], logprob=-0.6874811), TopLogprob(token='<|end|>', bytes=None, logprob=-0.69894046), TopLogprob(token='\n', bytes=[10], logprob=-10.094753), TopLogprob(token='.', bytes=[46], logprob=-12.048244), TopLogprob(token=')\n', bytes=[41, 10], logprob=-16.924097)]), ChatCompletionTokenLogprob(token=' were', bytes=[32, 119, 101, 114, 101], logprob=-4.3202e-07, top_logprobs=[TopLogprob(token=' were', bytes=[32, 119, 101, 114, 101], logprob=-4.3202e-07), TopLogprob(token=' Were', bytes=[32, 87, 101, 114, 101], logprob=-14.937101), TopLogprob(token='were', bytes=[119, 101, 114, 101], logprob=-16.676975), TopLogprob(token=' was', bytes=[32, 119, 97, 115], logprob=-18.16405), TopLogprob(token='<|end|>', bytes=None, logprob=-19.248962)])]"
4,IC,Nick trusted the captain of the sailors who ___ consistently weathered big storms.,"1) has, 2) have","1) have, 2) has","Sentence: Nick trusted the captain of the sailors who ___ consistently weathered big storms. Options: 1) has, 2) have. Answer: ","Sentence: Nick trusted the captain of the sailors who ___ consistently weathered big storms. Options: 1) have, 2) has. Answer: ","1) has, 2) have",1,"[ChatCompletionTokenLogprob(token='1', bytes=[49], logprob=-1.9816675e-06, top_logprobs=[TopLogprob(token='1', bytes=[49], logprob=-1.9816675e-06), TopLogprob(token='Answer', bytes=[65, 110, 115, 119, 101, 114], logprob=-13.52359), TopLogprob(token='Option', bytes=[79, 112, 116, 105, 111, 110], logprob=-14.795431), TopLogprob(token='The', bytes=[84, 104, 101], logprob=-15.679083), TopLogprob(token='2', bytes=[50], logprob=-16.00878)])]"
4,nonIC,Nick stood near the captain of the sailors who ___ consistently weathered big storms.,"1) has, 2) have","1) have, 2) has","Sentence: Nick stood near the captain of the sailors who ___ consistently weathered big storms. Options: 1) has, 2) have. Answer: ","Sentence: Nick stood near the captain of the sailors who ___ consistently weathered big storms. Options: 1) have, 2) has. Answer: ","1) have, 2) has",2,"[ChatCompletionTokenLogprob(token='2', bytes=[50], logprob=-7.9418505e-06, top_logprobs=[TopLogprob(token='2', bytes=[50], logprob=-7.9418505e-06), TopLogprob(token='1', bytes=[49], logprob=-11.888025), TopLogprob(token='Answer', bytes=[65, 110, 115, 119, 101, 114], logprob=-14.773762), TopLogprob(token='The', bytes=[84, 104, 101], logprob=-14.826073), TopLogprob(token='Option', bytes=[79, 112, 116, 105, 111, 110], logprob=-15.550282)])]"
5,IC,Angela corrected the secretary of the lawyers who ___ occasionally made small mistakes.,"1) has, 2) have","1) have, 2) has","Sentence: Angela corrected the secretary of the lawyers who ___ occasionally made small mistakes. Options: 1) has, 2) have. Answer: ","Sentence: Angela corrected the secretary of the lawyers who ___ occasionally made small mistakes. Options: 1) have, 2) has. Answer: ","1) have, 2) has",2,"[ChatCompletionTokenLogprob(token='2', bytes=[50], logprob=-2.9636918e-05, top_logprobs=[TopLogprob(token='2', bytes=[50], logprob=-2.9636918e-05), TopLogprob(token='1', bytes=[49], logprob=-10.477359), TopLogprob(token='Answer', bytes=[65, 110, 115, 119, 101, 114], logprob=-14.19675), TopLogprob(token='The', bytes=[84, 104, 101], logprob=-14.766318), TopLogprob(token='Option', bytes=[79, 112, 116, 105, 111, 110], logprob=-14.895446)])]"
5,nonIC,Angela gossiped with the secretary of the lawyers who ___ occasionally made small mistakes.,"1) has, 2) have","1) have, 2) has","Sentence: Angela gossiped with the secretary of the lawyers who ___ occasionally made small mistakes. Options: 1) has, 2) have. Answer: ","Sentence: Angela gossiped with the secretary of the lawyers who ___ occasionally made small mistakes. Options: 1) have, 2) has. Answer: ","1) have, 2) has",2,"[ChatCompletionTokenLogprob(token='2', bytes=[50], logprob=-9.293406e-05, top_logprobs=[TopLogprob(token='2', bytes=[50], logprob=-9.293406e-05), TopLogprob(token='1', bytes=[49], logprob=-9.304505), TopLogprob(token='Answer', bytes=[65, 110, 115, 119, 101, 114], logprob=-14.209558), TopLogprob(token='Option', bytes=[79, 112, 116, 105, 111, 110], logprob=-14.269185), TopLogprob(token='The', bytes=[84, 104, 101], logprob=-14.708804)])]"
6,IC,Bob comforted the leader of the activists who ___ deeply disappointed by the court's decision.,"1) was, 2) were","1) were, 2) was","Sentence: Bob comforted the leader of the activists who ___ deeply disappointed by the court's decision. Options: 1) was, 2) were. Answer: ","Sentence: Bob comforted the leader of the activists who ___ deeply disappointed by the court's decision. Options: 1) were, 2) was. Answer: ","1) were, 2) was",2,"[ChatCompletionTokenLogprob(token='2', bytes=[50], logprob=-0.0006072447, top_logprobs=[TopLogprob(token='2', bytes=[50], logprob=-0.0006072447), TopLogprob(token='1', bytes=[49], logprob=-7.4077363), TopLogprob(token='The', bytes=[84, 104, 101], logprob=-15.312198), TopLogprob(token='Option', bytes=[79, 112, 116, 105, 111, 110], logprob=-16.251354), TopLogprob(token='Answer', bytes=[65, 110, 115, 119, 101, 114], logprob=-16.298195)])]"
6,nonIC,Bob greeted the leader of the activists who ___ deeply disappointed by the court's decision.,"1) was, 2) were","1) were, 2) was","Sentence: Bob greeted the leader of the activists who ___ deeply disappointed by the court's decision. Options: 1) was, 2) were. Answer: ","Sentence: Bob greeted the leader of the activists who ___ deeply disappointed by the court's decision. Options: 1) were, 2) was. Answer: ","1) were, 2) was",1,"[ChatCompletionTokenLogprob(token='1', bytes=[49], logprob=-0.16461024, top_logprobs=[TopLogprob(token='1', bytes=[49], logprob=-0.16461024), TopLogprob(token='2', bytes=[50], logprob=-1.8853554), TopLogprob(token='The', bytes=[84, 104, 101], logprob=-15.0721), TopLogprob(token='Option', bytes=[79, 112, 116, 105, 111, 110], logprob=-15.733431), TopLogprob(token='Answer', bytes=[65, 110, 115, 119, 101, 114], logprob=-15.795952)])]"
7,IC,Laura envies the manager of the cashiers who ___ supposedly received a huge raise.,"1) has, 2) have","1) have, 2) has","Sentence: Laura envies the manager of the cashiers who ___ supposedly received a huge raise. Options: 1) has, 2) have. Answer: ","Sentence: Laura envies the manager of the cashiers who ___ supposedly received a huge raise. Options: 1) have, 2) has. Answer: ","1) has, 2) have",1,"[ChatCompletionTokenLogprob(token='1', bytes=[49], logprob=-1.147242e-06, top_logprobs=[TopLogprob(token='1', bytes=[49], logprob=-1.147242e-06), TopLogprob(token='Answer', bytes=[65, 110, 115, 119, 101, 114], logprob=-14.610288), TopLogprob(token='Option', bytes=[79, 112, 116, 105, 111, 110], logprob=-14.655641), TopLogprob(token='The', bytes=[84, 104, 101], logprob=-15.556741), TopLogprob(token='2', bytes=[50], logprob=-17.786974)])]"
7,nonIC,Laura knows the manager of the cashiers who ___ supposedly received a huge raise.,"1) has, 2) have","1) have, 2) has","Sentence: Laura knows the manager of the cashiers who ___ supposedly received a huge raise. Options: 1) has, 2) have. Answer: ","Sentence: Laura knows the manager of the cashiers who ___ supposedly received a huge raise. Options: 1) have, 2) has. Answer: ","1) has, 2) have",2,"[ChatCompletionTokenLogprob(token='2', bytes=[50], logprob=-0.4918239, top_logprobs=[TopLogprob(token='2', bytes=[50], logprob=-0.4918239), TopLogprob(token='1', bytes=[49], logprob=-0.9454906), TopLogprob(token='The', bytes=[84, 104, 101], logprob=-14.0067625), TopLogprob(token='Option', bytes=[79, 112, 116, 105, 111, 110], logprob=-16.266901), TopLogprob(token='Answer', bytes=[65, 110, 115, 119, 101, 114], logprob=-16.90336)])]"
8,IC,Zack valued the daughter of the shopkeepers who ___ usually willing to spot him a few dollars.,"1) was, 2) were","1) were, 2) was","Sentence: Zack valued the daughter of the shopkeepers who ___ usually willing to spot him a few dollars. Options: 1) was, 2) were. Answer: ","Sentence: Zack valued the daughter of the shopkeepers who ___ usually willing to spot him a few dollars. Options: 1) were, 2) was. Answer: ","1) was, 2) were",2) were,"[ChatCompletionTokenLogprob(token='2', bytes=[50], logprob=-9.014684e-06, top_logprobs=[TopLogprob(token='2', bytes=[50], logprob=-9.014684e-06), TopLogprob(token='1', bytes=[49], logprob=-12.2177515), TopLogprob(token='Option', bytes=[79, 112, 116, 105, 111, 110], logprob=-13.118218), TopLogprob(token='Answer', bytes=[65, 110, 115, 119, 101, 114], logprob=-13.498639), TopLogprob(token='The', bytes=[84, 104, 101], logprob=-14.233054)]), ChatCompletionTokenLogprob(token=')', bytes=[41], logprob=-0.17394316, top_logprobs=[TopLogprob(token=')', bytes=[41], logprob=-0.17394316), TopLogprob(token='<|end|>', bytes=None, logprob=-1.8348471), TopLogprob(token='\n', bytes=[10], logprob=-11.344232), TopLogprob(token=' were', bytes=[32, 119, 101, 114, 101], logprob=-12.449491), TopLogprob(token='.', bytes=[46], logprob=-13.263513)]), ChatCompletionTokenLogprob(token=' were', bytes=[32, 119, 101, 114, 101], logprob=-1.9361265e-07, top_logprobs=[TopLogprob(token=' were', bytes=[32, 119, 101, 114, 101], logprob=-1.9361265e-07), TopLogprob(token=' Were', bytes=[32, 87, 101, 114, 101], logprob=-15.877892), TopLogprob(token='were', bytes=[119, 101, 114, 101], logprob=-18.032597), TopLogprob(token=' ""', bytes=[32, 34], logprob=-19.776577), TopLogprob(token=' ', bytes=[32], logprob=-20.045952)])]"
8,nonIC,Zack recognized the daughter of the shopkeepers who ___ usually willing to spot him a few dollars.,"1) was, 2) were","1) were, 2) was","Sentence: Zack recognized the daughter of the shopkeepers who ___ usually willing to spot him a few dollars. Options: 1) was, 2) were. Answer: ","Sentence: Zack recognized the daughter of the shopkeepers who ___ usually willing to spot him a few dollars. Options: 1) were, 2) was. Answer: ","1) were, 2) was",1,"[ChatCompletionTokenLogprob(token='1', bytes=[49], logprob=-3.2929079e-06, top_logprobs=[TopLogprob(token='1', bytes=[49], logprob=-3.2929079e-06), TopLogprob(token='Answer', bytes=[65, 110, 115, 119, 101, 114], logprob=-13.344668), TopLogprob(token='Option', bytes=[79, 112, 116, 105, 111, 110], logprob=-13.606318), TopLogprob(token='The', bytes=[84, 104, 101], logprob=-14.884744), TopLogprob(token='2', bytes=[50], logprob=-15.628013)])]"
9,IC,Sarah fears the uncle of the toddlers who ___ often heard yelling and screaming.,"1) is, 2) are","1) are, 2) is","Sentence: Sarah fears the uncle of the toddlers who ___ often heard yelling and screaming. Options: 1) is, 2) are. Answer: ","Sentence: Sarah fears the uncle of the toddlers who ___ often heard yelling and screaming. Options: 1) are, 2) is. Answer: ","1) are, 2) is",1,"[ChatCompletionTokenLogprob(token='1', bytes=[49], logprob=-0.00056363817, top_logprobs=[TopLogprob(token='1', bytes=[49], logprob=-0.00056363817), TopLogprob(token='2', bytes=[50], logprob=-7.4824705), TopLogprob(token='Answer', bytes=[65, 110, 115, 119, 101, 114], logprob=-15.045634), TopLogprob(token='Option', bytes=[79, 112, 116, 105, 111, 110], logprob=-15.341994), TopLogprob(token='The', bytes=[84, 104, 101], logprob=-16.24353)])]"
9,nonIC,Sarah jogs with the uncle of the toddlers who ___ often heard yelling and screaming.,"1) is, 2) are","1) are, 2) is","Sentence: Sarah jogs with the uncle of the toddlers who ___ often heard yelling and screaming. Options: 1) is, 2) are. Answer: ","Sentence: Sarah jogs with the uncle of the toddlers who ___ often heard yelling and screaming. Options: 1) are, 2) is. Answer: ","1) is, 2) are",2) are,"[ChatCompletionTokenLogprob(token='2', bytes=[50], logprob=-1.3544423e-05, top_logprobs=[TopLogprob(token='2', bytes=[50], logprob=-1.3544423e-05), TopLogprob(token='1', bytes=[49], logprob=-11.466608), TopLogprob(token='Answer', bytes=[65, 110, 115, 119, 101, 114], logprob=-13.394575), TopLogprob(token='Option', bytes=[79, 112, 116, 105, 111, 110], logprob=-14.095083), TopLogprob(token='The', bytes=[84, 104, 101], logprob=-14.262537)]), ChatCompletionTokenLogprob(token=')', bytes=[41], logprob=-0.017515257, top_logprobs=[TopLogprob(token=')', bytes=[41], logprob=-0.017515257), TopLogprob(token='<|end|>', bytes=None, logprob=-4.0536404), TopLogprob(token='\n', bytes=[10], logprob=-12.750906), TopLogprob(token='.', bytes=[46], logprob=-14.407202), TopLogprob(token=' are', bytes=[32, 97, 114, 101], logprob=-15.058104)]), ChatCompletionTokenLogprob(token=' are', bytes=[32, 97, 114, 101], logprob=-3.1281633e-07, top_logprobs=[TopLogprob(token=' are', bytes=[32, 97, 114, 101], logprob=-3.1281633e-07), TopLogprob(token=' Are', bytes=[32, 65, 114, 101], logprob=-15.491825), TopLogprob(token=' ""', bytes=[32, 34], logprob=-17.697842), TopLogprob(token='are', bytes=[97, 114, 101], logprob=-18.025494), TopLogprob(token=' ', bytes=[32], logprob=-18.196665)])]"
10,IC,Adam noticed the representative of the employees who ___ always wearing safety goggles.,"1) was, 2) were","1) were, 2) was","Sentence: Adam noticed the representative of the employees who ___ always wearing safety goggles. Options: 1) was, 2) were. Answer: ","Sentence: Adam noticed the representative of the employees who ___ always wearing safety goggles. Options: 1) were, 2) was. Answer: ","1) was, 2) were",1,"[ChatCompletionTokenLogprob(token='1', bytes=[49], logprob=-1.2664457e-06, top_logprobs=[TopLogprob(token='1', bytes=[49], logprob=-1.2664457e-06), TopLogprob(token='Answer', bytes=[65, 110, 115, 119, 101, 114], logprob=-14.281941), TopLogprob(token='2', bytes=[50], logprob=-15.12853), TopLogprob(token='Option', bytes=[79, 112, 116, 105, 111, 110], logprob=-15.335969), TopLogprob(token='The', bytes=[84, 104, 101], logprob=-16.199007)])]"
10,nonIC,Adam resembled the representative of the employees who ___ always wearing safety goggles.,"1) was, 2) were","1) were, 2) was","Sentence: Adam resembled the representative of the employees who ___ always wearing safety goggles. Options: 1) was, 2) were. Answer: ","Sentence: Adam resembled the representative of the employees who ___ always wearing safety goggles. Options: 1) were, 2) was. Answer: ","1) was, 2) were",1,"[ChatCompletionTokenLogprob(token='1', bytes=[49], logprob=-3.0545007e-06, top_logprobs=[TopLogprob(token='1', bytes=[49], logprob=-3.0545007e-06), TopLogprob(token='2', bytes=[50], logprob=-13.018983), TopLogprob(token='Option', bytes=[79, 112, 116, 105, 111, 110], logprob=-14.996779), TopLogprob(token='Answer', bytes=[65, 110, 115, 119, 101, 114], logprob=-15.074212), TopLogprob(token='The', bytes=[84, 104, 101], logprob=-15.642745)])]"
11,IC,Tina praised the gardeners of the millionaire who ___ recently installed a solar powered sprinkler.,"1) has, 2) have","1) have, 2) has","Sentence: Tina praised the gardeners of the millionaire who ___ recently installed a solar powered sprinkler. Options: 1) has, 2) have. Answer: ","Sentence: Tina praised the gardeners of the millionaire who ___ recently installed a solar powered sprinkler. Options: 1) have, 2) has. Answer: ","1) has, 2) have",1,"[ChatCompletionTokenLogprob(token='1', bytes=[49], logprob=-0.004050502, top_logprobs=[TopLogprob(token='1', bytes=[49], logprob=-0.004050502), TopLogprob(token='2', bytes=[50], logprob=-5.51094), TopLogprob(token='The', bytes=[84, 104, 101], logprob=-17.140755), TopLogprob(token='Answer', bytes=[65, 110, 115, 119, 101, 114], logprob=-17.90406), TopLogprob(token='Option', bytes=[79, 112, 116, 105, 111, 110], logprob=-18.190598)])]"
11,nonIC,Tina met the gardeners of the millionaire who ___ recently installed a solar powered sprinkler.,"1) has, 2) have","1) have, 2) has","Sentence: Tina met the gardeners of the millionaire who ___ recently installed a solar powered sprinkler. Options: 1) has, 2) have. Answer: ","Sentence: Tina met the gardeners of the millionaire who ___ recently installed a solar powered sprinkler. Options: 1) have, 2) has. Answer: ","1) have, 2) has",2,"[ChatCompletionTokenLogprob(token='2', bytes=[50], logprob=-6.2729996e-06, top_logprobs=[TopLogprob(token='2', bytes=[50], logprob=-6.2729996e-06), TopLogprob(token='The', bytes=[84, 104, 101], logprob=-12.429332), TopLogprob(token='Answer', bytes=[65, 110, 115, 119, 101, 114], logprob=-13.371657), TopLogprob(token='Option', bytes=[79, 112, 116, 105, 111, 110], logprob=-14.324882), TopLogprob(token='1', bytes=[49], logprob=-16.687344)])]"
12,IC,Justin hates the cousins of the accountant who ___ forever telling the same tasteless jokes.,"1) is, 2) are","1) are, 2) is","Sentence: Justin hates the cousins of the accountant who ___ forever telling the same tasteless jokes. Options: 1) is, 2) are. Answer: ","Sentence: Justin hates the cousins of the accountant who ___ forever telling the same tasteless jokes. Options: 1) are, 2) is. Answer: ","1) is, 2) are",2) are,"[ChatCompletionTokenLogprob(token='2', bytes=[50], logprob=-0.0020067918, top_logprobs=[TopLogprob(token='2', bytes=[50], logprob=-0.0020067918), TopLogprob(token='1', bytes=[49], logprob=-6.215321), TopLogprob(token='Answer', bytes=[65, 110, 115, 119, 101, 114], logprob=-12.2868805), TopLogprob(token='Option', bytes=[79, 112, 116, 105, 111, 110], logprob=-13.920013), TopLogprob(token='The', bytes=[84, 104, 101], logprob=-14.201296)]), ChatCompletionTokenLogprob(token=')', bytes=[41], logprob=-0.25790527, top_logprobs=[TopLogprob(token=')', bytes=[41], logprob=-0.25790527), TopLogprob(token='<|end|>', bytes=None, logprob=-1.4813778), TopLogprob(token='\n', bytes=[10], logprob=-12.222604), TopLogprob(token='.', bytes=[46], logprob=-13.408198), TopLogprob(token=' are', bytes=[32, 97, 114, 101], logprob=-13.917232)]), ChatCompletionTokenLogprob(token=' are', bytes=[32, 97, 114, 101], logprob=-7.89631e-07, top_logprobs=[TopLogprob(token=' are', bytes=[32, 97, 114, 101], logprob=-7.89631e-07), TopLogprob(token=' Are', bytes=[32, 65, 114, 101], logprob=-14.242661), TopLogprob(token=' ""', bytes=[32, 34], logprob=-17.375195), TopLogprob(token='are', bytes=[97, 114, 101], logprob=-17.711395), TopLogprob(token='<|end|>', bytes=None, logprob=-18.596142)])]"
12,nonIC,Justin carpools with the cousins of the accountant who ___ forever telling the same tasteless jokes.,"1) is, 2) are","1) are, 2) is","Sentence: Justin carpools with the cousins of the accountant who ___ forever telling the same tasteless jokes. Options: 1) is, 2) are. Answer: ","Sentence: Justin carpools with the cousins of the accountant who ___ forever telling the same tasteless jokes. Options: 1) are, 2) is. Answer: ","1) are, 2) is",2,"[ChatCompletionTokenLogprob(token='2', bytes=[50], logprob=-0.0028234199, top_logprobs=[TopLogprob(token='2', bytes=[50], logprob=-0.0028234199), TopLogprob(token='1', bytes=[49], logprob=-5.871472), TopLogprob(token='The', bytes=[84, 104, 101], logprob=-14.784787), TopLogprob(token='Answer', bytes=[65, 110, 115, 119, 101, 114], logprob=-15.444833), TopLogprob(token='Option', bytes=[79, 112, 116, 105, 111, 110], logprob=-16.337177)])]"
13,IC,Emily blamed the nieces of the florist who ___ repeatedly ruined expensive orchids.,"1) has, 2) have","1) have, 2) has","Sentence: Emily blamed the nieces of the florist who ___ repeatedly ruined expensive orchids. Options: 1) has, 2) have. Answer: ","Sentence: Emily blamed the nieces of the florist who ___ repeatedly ruined expensive orchids. Options: 1) have, 2) has. Answer: ","1) have, 2) has",2,"[ChatCompletionTokenLogprob(token='2', bytes=[50], logprob=-0.21844395, top_logprobs=[TopLogprob(token='2', bytes=[50], logprob=-0.21844395), TopLogprob(token='1', bytes=[49], logprob=-1.6284705), TopLogprob(token='Answer', bytes=[65, 110, 115, 119, 101, 114], logprob=-13.751498), TopLogprob(token='The', bytes=[84, 104, 101], logprob=-14.307185), TopLogprob(token='Option', bytes=[79, 112, 116, 105, 111, 110], logprob=-15.414252)])]"
13,nonIC,Emily waited with the nieces of the florist who ___ repeatedly ruined expensive orchids.,"1) has, 2) have","1) have, 2) has","Sentence: Emily waited with the nieces of the florist who ___ repeatedly ruined expensive orchids. Options: 1) has, 2) have. Answer: ","Sentence: Emily waited with the nieces of the florist who ___ repeatedly ruined expensive orchids. Options: 1) have, 2) has. Answer: ","1) has, 2) have",1,"[ChatCompletionTokenLogprob(token='1', bytes=[49], logprob=-0.0011330706, top_logprobs=[TopLogprob(token='1', bytes=[49], logprob=-0.0011330706), TopLogprob(token='2', bytes=[50], logprob=-6.783993), TopLogprob(token='The', bytes=[84, 104, 101], logprob=-15.155945), TopLogprob(token='Answer', bytes=[65, 110, 115, 119, 101, 114], logprob=-15.505123), TopLogprob(token='Option', bytes=[79, 112, 116, 105, 111, 110], logprob=-16.194794)])]"
14,IC,Joe helped the brothers of the athlete who ___ perpetually failing math class.,"1) is, 2) are","1) are, 2) is","Sentence: Joe helped the brothers of the athlete who ___ perpetually failing math class. Options: 1) is, 2) are. Answer: ","Sentence: Joe helped the brothers of the athlete who ___ perpetually failing math class. Options: 1) are, 2) is. Answer: ","1) are, 2) is",2,"[ChatCompletionTokenLogprob(token='2', bytes=[50], logprob=-0.0001037816, top_logprobs=[TopLogprob(token='2', bytes=[50], logprob=-0.0001037816), TopLogprob(token='1', bytes=[49], logprob=-9.1834955), TopLogprob(token='Answer', bytes=[65, 110, 115, 119, 101, 114], logprob=-14.659806), TopLogprob(token='The', bytes=[84, 104, 101], logprob=-14.968095), TopLogprob(token='Option', bytes=[79, 112, 116, 105, 111, 110], logprob=-15.54968)])]"
14,nonIC,Joe ran into the brothers of the athlete who ___ perpetually failing math class.,"1) is, 2) are","1) are, 2) is","Sentence: Joe ran into the brothers of the athlete who ___ perpetually failing math class. Options: 1) is, 2) are. Answer: ","Sentence: Joe ran into the brothers of the athlete who ___ perpetually failing math class. Options: 1) are, 2) is. Answer: ","1) are, 2) is",2,"[ChatCompletionTokenLogprob(token='2', bytes=[50], logprob=-0.0013638085, top_logprobs=[TopLogprob(token='2', bytes=[50], logprob=-0.0013638085), TopLogprob(token='1', bytes=[49], logprob=-6.5984745), TopLogprob(token='The', bytes=[84, 104, 101], logprob=-15.3891945), TopLogprob(token='Answer', bytes=[65, 110, 115, 119, 101, 114], logprob=-16.249357), TopLogprob(token='Option', bytes=[79, 112, 116, 105, 111, 110], logprob=-16.746225)])]"
15,IC,Jessica reproached the doctors of the supermodel who ___ adamantly in favor of plastic surgery.,"1) was, 2) were","1) were, 2) was","Sentence: Jessica reproached the doctors of the supermodel who ___ adamantly in favor of plastic surgery. Options: 1) was, 2) were. Answer: ","Sentence: Jessica reproached the doctors of the supermodel who ___ adamantly in favor of plastic surgery. Options: 1) were, 2) was. Answer: ","1) was, 2) were",2,"[ChatCompletionTokenLogprob(token='2', bytes=[50], logprob=-0.00071838836, top_logprobs=[TopLogprob(token='2', bytes=[50], logprob=-0.00071838836), TopLogprob(token='1', bytes=[49], logprob=-7.2394614), TopLogprob(token='Answer', bytes=[65, 110, 115, 119, 101, 114], logprob=-15.4371195), TopLogprob(token='Option', bytes=[79, 112, 116, 105, 111, 110], logprob=-16.038181), TopLogprob(token='The', bytes=[84, 104, 101], logprob=-16.540491)])]"
15,nonIC,Jessica worked with the doctors of the supermodel who ___ adamantly in favor of plastic surgery.,"1) was, 2) were","1) were, 2) was","Sentence: Jessica worked with the doctors of the supermodel who ___ adamantly in favor of plastic surgery. Options: 1) was, 2) were. Answer: ","Sentence: Jessica worked with the doctors of the supermodel who ___ adamantly in favor of plastic surgery. Options: 1) were, 2) was. Answer: ","1) was, 2) were",1,"[ChatCompletionTokenLogprob(token='1', bytes=[49], logprob=-0.13272066, top_logprobs=[TopLogprob(token='1', bytes=[49], logprob=-0.13272066), TopLogprob(token='2', bytes=[50], logprob=-2.0851362), TopLogprob(token='The', bytes=[84, 104, 101], logprob=-16.77376), TopLogprob(token='Answer', bytes=[65, 110, 115, 119, 101, 114], logprob=-17.160244), TopLogprob(token='Option', bytes=[79, 112, 116, 105, 111, 110], logprob=-17.792337)])]"
16,IC,Brian pacified the associates of the businessman who ___ nearly bankrupted by the new tax policy.,"1) was, 2) were","1) were, 2) was","Sentence: Brian pacified the associates of the businessman who ___ nearly bankrupted by the new tax policy. Options: 1) was, 2) were. Answer: ","Sentence: Brian pacified the associates of the businessman who ___ nearly bankrupted by the new tax policy. Options: 1) were, 2) was. Answer: ","1) were, 2) was",1,"[ChatCompletionTokenLogprob(token='1', bytes=[49], logprob=-0.1498709, top_logprobs=[TopLogprob(token='1', bytes=[49], logprob=-0.1498709), TopLogprob(token='2', bytes=[50], logprob=-1.9719839), TopLogprob(token='The', bytes=[84, 104, 101], logprob=-14.852992), TopLogprob(token='Option', bytes=[79, 112, 116, 105, 111, 110], logprob=-16.790268), TopLogprob(token='Answer', bytes=[65, 110, 115, 119, 101, 114], logprob=-17.269379)])]"
16,nonIC,Brian visited the associates of the businessman who ___ nearly bankrupted by the new tax policy.,"1) was, 2) were","1) were, 2) was","Sentence: Brian visited the associates of the businessman who ___ nearly bankrupted by the new tax policy. Options: 1) was, 2) were. Answer: ","Sentence: Brian visited the associates of the businessman who ___ nearly bankrupted by the new tax policy. Options: 1) were, 2) was. Answer: ","1) were, 2) was",2,"[ChatCompletionTokenLogprob(token='2', bytes=[50], logprob=-0.0023683936, top_logprobs=[TopLogprob(token='2', bytes=[50], logprob=-0.0023683936), TopLogprob(token='1', bytes=[49], logprob=-6.0468173), TopLogprob(token='The', bytes=[84, 104, 101], logprob=-15.399667), TopLogprob(token='Option', bytes=[79, 112, 116, 105, 111, 110], logprob=-17.098324), TopLogprob(token='Answer', bytes=[65, 110, 115, 119, 101, 114], logprob=-17.766731)])]"
17,IC,Melissa detests the children of the musician who ___ generally arrogant and rude.,"1) is, 2) are","1) are, 2) is","Sentence: Melissa detests the children of the musician who ___ generally arrogant and rude. Options: 1) is, 2) are. Answer: ","Sentence: Melissa detests the children of the musician who ___ generally arrogant and rude. Options: 1) are, 2) is. Answer: ","1) is, 2) are",2) are,"[ChatCompletionTokenLogprob(token='2', bytes=[50], logprob=-3.650519e-06, top_logprobs=[TopLogprob(token='2', bytes=[50], logprob=-3.650519e-06), TopLogprob(token='Answer', bytes=[65, 110, 115, 119, 101, 114], logprob=-13.158068), TopLogprob(token='1', bytes=[49], logprob=-14.162601), TopLogprob(token='The', bytes=[84, 104, 101], logprob=-14.527779), TopLogprob(token='Option', bytes=[79, 112, 116, 105, 111, 110], logprob=-14.716488)]), ChatCompletionTokenLogprob(token=')', bytes=[41], logprob=-0.12936917, top_logprobs=[TopLogprob(token=')', bytes=[41], logprob=-0.12936917), TopLogprob(token='<|end|>', bytes=None, logprob=-2.109098), TopLogprob(token='\n', bytes=[10], logprob=-13.148747), TopLogprob(token='.', bytes=[46], logprob=-14.475186), TopLogprob(token=' are', bytes=[32, 97, 114, 101], logprob=-14.513951)]), ChatCompletionTokenLogprob(token=' are', bytes=[32, 97, 114, 101], logprob=-4.3202e-07, top_logprobs=[TopLogprob(token=' are', bytes=[32, 97, 114, 101], logprob=-4.3202e-07), TopLogprob(token=' Are', bytes=[32, 65, 114, 101], logprob=-15.071449), TopLogprob(token=' ""', bytes=[32, 34], logprob=-17.19763), TopLogprob(token='are', bytes=[97, 114, 101], logprob=-17.636642), TopLogprob(token=' ', bytes=[32], logprob=-18.582148)])]"
17,nonIC,Melissa babysits the children of the musician who ___ generally arrogant and rude.,"1) is, 2) are","1) are, 2) is","Sentence: Melissa babysits the children of the musician who ___ generally arrogant and rude. Options: 1) is, 2) are. Answer: ","Sentence: Melissa babysits the children of the musician who ___ generally arrogant and rude. Options: 1) are, 2) is. Answer: ","1) are, 2) is",2,"[ChatCompletionTokenLogprob(token='2', bytes=[50], logprob=-1.9816675e-06, top_logprobs=[TopLogprob(token='2', bytes=[50], logprob=-1.9816675e-06), TopLogprob(token='1', bytes=[49], logprob=-14.059084), TopLogprob(token='The', bytes=[84, 104, 101], logprob=-14.495066), TopLogprob(token='Option', bytes=[79, 112, 116, 105, 111, 110], logprob=-14.811243), TopLogprob(token='Answer', bytes=[65, 110, 115, 119, 101, 114], logprob=-15.389269)])]"
18,IC,Frank thanked the servants of the dictator who ___ lately been helping the poor.,"1) is, 2) are","1) are, 2) is","Sentence: Frank thanked the servants of the dictator who ___ lately been helping the poor. Options: 1) is, 2) are. Answer: ","Sentence: Frank thanked the servants of the dictator who ___ lately been helping the poor. Options: 1) are, 2) is. Answer: ","1) are, 2) is",1,"[ChatCompletionTokenLogprob(token='1', bytes=[49], logprob=-0.0015703336, top_logprobs=[TopLogprob(token='1', bytes=[49], logprob=-0.0015703336), TopLogprob(token='2', bytes=[50], logprob=-6.458483), TopLogprob(token='Answer', bytes=[65, 110, 115, 119, 101, 114], logprob=-13.648517), TopLogprob(token='Option', bytes=[79, 112, 116, 105, 111, 110], logprob=-14.545533), TopLogprob(token='The', bytes=[84, 104, 101], logprob=-15.140758)])]"
18,nonIC,Frank talked to the servants of the dictator who ___ lately been helping the poor.,"1) is, 2) are","1) are, 2) is","Sentence: Frank talked to the servants of the dictator who ___ lately been helping the poor. Options: 1) is, 2) are. Answer: ","Sentence: Frank talked to the servants of the dictator who ___ lately been helping the poor. Options: 1) are, 2) is. Answer: ","1) is, 2) are",2) are,"[ChatCompletionTokenLogprob(token='2', bytes=[50], logprob=-0.56526977, top_logprobs=[TopLogprob(token='2', bytes=[50], logprob=-0.56526977), TopLogprob(token='1', bytes=[49], logprob=-0.8398097), TopLogprob(token='The', bytes=[84, 104, 101], logprob=-15.165836), TopLogprob(token='Answer', bytes=[65, 110, 115, 119, 101, 114], logprob=-15.477856), TopLogprob(token='Option', bytes=[79, 112, 116, 105, 111, 110], logprob=-16.184937)]), ChatCompletionTokenLogprob(token=')', bytes=[41], logprob=-0.01680539, top_logprobs=[TopLogprob(token=')', bytes=[41], logprob=-0.01680539), TopLogprob(token='<|end|>', bytes=None, logprob=-4.094686), TopLogprob(token='\n', bytes=[10], logprob=-12.638819), TopLogprob(token='.', bytes=[46], logprob=-14.127195), TopLogprob(token=' are', bytes=[32, 97, 114, 101], logprob=-17.652372)]), ChatCompletionTokenLogprob(token=' are', bytes=[32, 97, 114, 101], logprob=-3.1281633e-07, top_logprobs=[TopLogprob(token=' are', bytes=[32, 97, 114, 101], logprob=-3.1281633e-07), TopLogprob(token=' Are', bytes=[32, 65, 114, 101], logprob=-15.078537), TopLogprob(token=' ""', bytes=[32, 34], logprob=-17.188095), TopLogprob(token='are', bytes=[97, 114, 101], logprob=-17.71769), TopLogprob(token=' ', bytes=[32], logprob=-18.651794)])]"
19,IC,Tracy congratulated the bodyguards of the celebrity who ___ constantly fighting off the paparazzi.,"1) was, 2) were","1) were, 2) was","Sentence: Tracy congratulated the bodyguards of the celebrity who ___ constantly fighting off the paparazzi. Options: 1) was, 2) were. Answer: ","Sentence: Tracy congratulated the bodyguards of the celebrity who ___ constantly fighting off the paparazzi. Options: 1) were, 2) was. Answer: ","1) were, 2) was",1,"[ChatCompletionTokenLogprob(token='1', bytes=[49], logprob=-1.9816675e-06, top_logprobs=[TopLogprob(token='1', bytes=[49], logprob=-1.9816675e-06), TopLogprob(token='Answer', bytes=[65, 110, 115, 119, 101, 114], logprob=-13.845877), TopLogprob(token='Option', bytes=[79, 112, 116, 105, 111, 110], logprob=-14.431599), TopLogprob(token='The', bytes=[84, 104, 101], logprob=-14.865454), TopLogprob(token='2', bytes=[50], logprob=-16.02124)])]"
19,nonIC,Tracy chatted with the bodyguards of the celebrity who ___ constantly fighting off the paparazzi.,"1) was, 2) were","1) were, 2) was","Sentence: Tracy chatted with the bodyguards of the celebrity who ___ constantly fighting off the paparazzi. Options: 1) was, 2) were. Answer: ","Sentence: Tracy chatted with the bodyguards of the celebrity who ___ constantly fighting off the paparazzi. Options: 1) were, 2) was. Answer: ","1) was, 2) were",1,"[ChatCompletionTokenLogprob(token='1', bytes=[49], logprob=-0.38167414, top_logprobs=[TopLogprob(token='1', bytes=[49], logprob=-0.38167414), TopLogprob(token='2', bytes=[50], logprob=-1.1479629), TopLogprob(token='The', bytes=[84, 104, 101], logprob=-16.405947), TopLogprob(token='Option', bytes=[79, 112, 116, 105, 111, 110], logprob=-17.601248), TopLogprob(token='Answer', bytes=[65, 110, 115, 119, 101, 114], logprob=-18.736898)])]"
20,IC,Kevin mocked the fans of the singer who ___ continually stagediving and getting hurt.,"1) was, 2) were","1) were, 2) was","Sentence: Kevin mocked the fans of the singer who ___ continually stagediving and getting hurt. Options: 1) was, 2) were. Answer: ","Sentence: Kevin mocked the fans of the singer who ___ continually stagediving and getting hurt. Options: 1) were, 2) was. Answer: ","1) was, 2) were",1,"[ChatCompletionTokenLogprob(token='1', bytes=[49], logprob=-0.0032019545, top_logprobs=[TopLogprob(token='1', bytes=[49], logprob=-0.0032019545), TopLogprob(token='2', bytes=[50], logprob=-5.7456336), TopLogprob(token='The', bytes=[84, 104, 101], logprob=-16.14306), TopLogprob(token='Option', bytes=[79, 112, 116, 105, 111, 110], logprob=-17.252365), TopLogprob(token='Answer', bytes=[65, 110, 115, 119, 101, 114], logprob=-17.514051)])]"
20,nonIC,Kevin counted the fans of the singer who ___ continually stagediving and getting hurt.,"1) was, 2) were","1) were, 2) was","Sentence: Kevin counted the fans of the singer who ___ continually stagediving and getting hurt. Options: 1) was, 2) were. Answer: ","Sentence: Kevin counted the fans of the singer who ___ continually stagediving and getting hurt. Options: 1) were, 2) was. Answer: ","1) were, 2) was",2,"[ChatCompletionTokenLogprob(token='2', bytes=[50], logprob=-0.000197461, top_logprobs=[TopLogprob(token='2', bytes=[50], logprob=-0.000197461), TopLogprob(token='1', bytes=[49], logprob=-8.532731), TopLogprob(token='The', bytes=[84, 104, 101], logprob=-15.203456), TopLogprob(token='Option', bytes=[79, 112, 116, 105, 111, 110], logprob=-16.083012), TopLogprob(token='Answer', bytes=[65, 110, 115, 119, 101, 114], logprob=-16.585897)])]"