item_id,sentence_type,target,option,alt_option,prompt,alt_prompt,answer_option,answer,raw_probs
1,IC,Anna scolded the chef of the aristocrats who ___ .,"1) was, 2) were","1) were, 2) was","Sentence: Anna scolded the chef of the aristocrats who ___ . Options: 1) was, 2) were. Answer: ","Sentence: Anna scolded the chef of the aristocrats who ___ . Options: 1) were, 2) was. Answer: ","1) were, 2) was",The correct answer is 1) were.,"[ChatCompletionTokenLogprob(token='The', bytes=[84, 104, 101], logprob=-1.1424773, top_logprobs=[TopLogprob(token='The', bytes=[84, 104, 101], logprob=-1.1424773), TopLogprob(token='Answer', bytes=[65, 110, 115, 119, 101, 114], logprob=-1.1856768), TopLogprob(token='Option', bytes=[79, 112, 116, 105, 111, 110], logprob=-1.5661032), TopLogprob(token='1', bytes=[49], logprob=-2.1255438), TopLogprob(token='2', bytes=[50], logprob=-3.137892)]), ChatCompletionTokenLogprob(token=' correct', bytes=[32, 99, 111, 114, 114, 101, 99, 116], logprob=-0.013235644, top_logprobs=[TopLogprob(token=' correct', bytes=[32, 99, 111, 114, 114, 101, 99, 116], logprob=-0.013235644), TopLogprob(token=' answer', bytes=[32, 97, 110, 115, 119, 101, 114], logprob=-4.761248), TopLogprob(token=' best', bytes=[32, 98, 101, 115, 116], logprob=-5.5471215), TopLogprob(token=' sentence', bytes=[32, 115, 101, 110, 116, 101, 110, 99, 101], logprob=-7.407725), TopLogprob(token=' missing', bytes=[32, 109, 105, 115, 115, 105, 110, 103], logprob=-10.481517)]), ChatCompletionTokenLogprob(token=' answer', bytes=[32, 97, 110, 115, 119, 101, 114], logprob=-0.012852066, top_logprobs=[TopLogprob(token=' answer', bytes=[32, 97, 110, 115, 119, 101, 114], logprob=-0.012852066), TopLogprob(token=' option', bytes=[32, 111, 112, 116, 105, 111, 110], logprob=-4.411656), TopLogprob(token=' response', bytes=[32, 114, 101, 115, 112, 111, 110, 115, 101], logprob=-8.094709), TopLogprob(token=' Answer', bytes=[32, 65, 110, 115, 119, 101, 114], logprob=-8.539627), TopLogprob(token=' choice', bytes=[32, 99, 104, 111, 105, 99, 101], logprob=-9.129349)]), ChatCompletionTokenLogprob(token=' is', bytes=[32, 105, 115], logprob=-0.0016282868, top_logprobs=[TopLogprob(token=' is', bytes=[32, 105, 115], logprob=-0.0016282868), TopLogprob(token=' would', bytes=[32, 119, 111, 117, 108, 100], logprob=-6.9479175), TopLogprob(token=' in', bytes=[32, 105, 110], logprob=-8.18414), TopLogprob(token=' based', bytes=[32, 98, 97, 115, 101, 100], logprob=-8.82306), TopLogprob(token=' to', bytes=[32, 116, 111], logprob=-9.01567)]), ChatCompletionTokenLogprob(token=' ', bytes=[32], logprob=-0.23158763, top_logprobs=[TopLogprob(token=' ', bytes=[32], logprob=-0.23158763), TopLogprob(token=':', bytes=[58], logprob=-1.6520054), TopLogprob(token=' ""', bytes=[32, 34], logprob=-5.509528), TopLogprob(token=' **', bytes=[32, 42, 42], logprob=-5.5906897), TopLogprob(token=' option', bytes=[32, 111, 112, 116, 105, 111, 110], logprob=-5.858094)]), ChatCompletionTokenLogprob(token='1', bytes=[49], logprob=-0.057962205, top_logprobs=[TopLogprob(token='1', bytes=[49], logprob=-0.057962205), TopLogprob(token='2', bytes=[50], logprob=-2.8777158), TopLogprob(token=' ', bytes=[32], logprob=-10.139088), TopLogprob(token=' **', bytes=[32, 42, 42], logprob=-12.08757), TopLogprob(token='3', bytes=[51], logprob=-13.243692)]), ChatCompletionTokenLogprob(token=')', bytes=[41], logprob=-6.384837e-05, top_logprobs=[TopLogprob(token=')', bytes=[41], logprob=-6.384837e-05), TopLogprob(token='.', bytes=[46], logprob=-10.201198), TopLogprob(token=':', bytes=[58], logprob=-11.231833), TopLogprob(token=',', bytes=[44], logprob=-12.837304), TopLogprob(token=' -', bytes=[32, 45], logprob=-12.985791)]), ChatCompletionTokenLogprob(token=' were', bytes=[32, 119, 101, 114, 101], logprob=-0.0036911704, top_logprobs=[TopLogprob(token=' were', bytes=[32, 119, 101, 114, 101], logprob=-0.0036911704), TopLogprob(token=' ""', bytes=[32, 34], logprob=-5.704325), TopLogprob(token=' who', bytes=[32, 119, 104, 111], logprob=-8.786903), TopLogprob(token=' was', bytes=[32, 119, 97, 115], logprob=-9.720737), TopLogprob(token=' ', bytes=[32], logprob=-9.843033)]), ChatCompletionTokenLogprob(token='.', bytes=[46], logprob=-0.0026348727, top_logprobs=[TopLogprob(token='.', bytes=[46], logprob=-0.0026348727), TopLogprob(token='.\n\n', bytes=[46, 10, 10], logprob=-6.73326), TopLogprob(token='<|end|>', bytes=None, logprob=-7.514556), TopLogprob(token='.\n', bytes=[46, 10], logprob=-7.600848), TopLogprob(token=',', bytes=[44], logprob=-8.611455)])]"
1,nonIC,Anna studied with the chef of the aristocrats who ___ .,"1) was, 2) were","1) were, 2) was","Sentence: Anna studied with the chef of the aristocrats who ___ . Options: 1) was, 2) were. Answer: ","Sentence: Anna studied with the chef of the aristocrats who ___ . Options: 1) were, 2) was. Answer: ","1) was, 2) were",1,"[ChatCompletionTokenLogprob(token='1', bytes=[49], logprob=-0.5944057, top_logprobs=[TopLogprob(token='1', bytes=[49], logprob=-0.5944057), TopLogprob(token='Answer', bytes=[65, 110, 115, 119, 101, 114], logprob=-1.235765), TopLogprob(token='The', bytes=[84, 104, 101], logprob=-2.6211448), TopLogprob(token='Option', bytes=[79, 112, 116, 105, 111, 110], logprob=-2.67699), TopLogprob(token='2', bytes=[50], logprob=-4.341251)])]"
2,IC,John stared at the teacher of the second graders who ___ .,"1) was, 2) were","1) were, 2) was","Sentence: John stared at the teacher of the second graders who ___ . Options: 1) was, 2) were. Answer: ","Sentence: John stared at the teacher of the second graders who ___ . Options: 1) were, 2) was. Answer: ","1) were, 2) was",1,"[ChatCompletionTokenLogprob(token='1', bytes=[49], logprob=-1.0818788, top_logprobs=[TopLogprob(token='1', bytes=[49], logprob=-1.0818788), TopLogprob(token='2', bytes=[50], logprob=-1.1804506), TopLogprob(token='The', bytes=[84, 104, 101], logprob=-1.9987146), TopLogprob(token='Option', bytes=[79, 112, 116, 105, 111, 110], logprob=-2.261074), TopLogprob(token='Answer', bytes=[65, 110, 115, 119, 101, 114], logprob=-2.318779)])]"
2,nonIC,John lived next to the teacher of the second graders who ___ .,"1) was, 2) were","1) were, 2) was","Sentence: John lived next to the teacher of the second graders who ___ . Options: 1) was, 2) were. Answer: ","Sentence: John lived next to the teacher of the second graders who ___ . Options: 1) were, 2) was. Answer: ","1) were, 2) was",The correct answer is 1) were.,"[ChatCompletionTokenLogprob(token='The', bytes=[84, 104, 101], logprob=-1.2028338, top_logprobs=[TopLogprob(token='The', bytes=[84, 104, 101], logprob=-1.2028338), TopLogprob(token='Answer', bytes=[65, 110, 115, 119, 101, 114], logprob=-1.4354979), TopLogprob(token='1', bytes=[49], logprob=-1.6499182), TopLogprob(token='2', bytes=[50], logprob=-1.652783), TopLogprob(token='Option', bytes=[79, 112, 116, 105, 111, 110], logprob=-2.6602387)]), ChatCompletionTokenLogprob(token=' correct', bytes=[32, 99, 111, 114, 114, 101, 99, 116], logprob=-0.013852351, top_logprobs=[TopLogprob(token=' correct', bytes=[32, 99, 111, 114, 114, 101, 99, 116], logprob=-0.013852351), TopLogprob(token=' answer', bytes=[32, 97, 110, 115, 119, 101, 114], logprob=-4.8031282), TopLogprob(token=' best', bytes=[32, 98, 101, 115, 116], logprob=-5.2673388), TopLogprob(token=' sentence', bytes=[32, 115, 101, 110, 116, 101, 110, 99, 101], logprob=-8.099893), TopLogprob(token=' missing', bytes=[32, 109, 105, 115, 115, 105, 110, 103], logprob=-10.271935)]), ChatCompletionTokenLogprob(token=' answer', bytes=[32, 97, 110, 115, 119, 101, 114], logprob=-0.00980107, top_logprobs=[TopLogprob(token=' answer', bytes=[32, 97, 110, 115, 119, 101, 114], logprob=-0.00980107), TopLogprob(token=' option', bytes=[32, 111, 112, 116, 105, 111, 110], logprob=-4.690915), TopLogprob(token=' response', bytes=[32, 114, 101, 115, 112, 111, 110, 115, 101], logprob=-8.147124), TopLogprob(token=' Answer', bytes=[32, 65, 110, 115, 119, 101, 114], logprob=-8.704387), TopLogprob(token=' choice', bytes=[32, 99, 104, 111, 105, 99, 101], logprob=-9.142991)]), ChatCompletionTokenLogprob(token=' is', bytes=[32, 105, 115], logprob=-0.0014327395, top_logprobs=[TopLogprob(token=' is', bytes=[32, 105, 115], logprob=-0.0014327395), TopLogprob(token=' would', bytes=[32, 119, 111, 117, 108, 100], logprob=-7.312762), TopLogprob(token=' in', bytes=[32, 105, 110], logprob=-7.7076917), TopLogprob(token=' to', bytes=[32, 116, 111], logprob=-9.220537), TopLogprob(token=' based', bytes=[32, 98, 97, 115, 101, 100], logprob=-9.314684)]), ChatCompletionTokenLogprob(token=' ', bytes=[32], logprob=-0.22114345, top_logprobs=[TopLogprob(token=' ', bytes=[32], logprob=-0.22114345), TopLogprob(token=':', bytes=[58], logprob=-1.6759508), TopLogprob(token=' **', bytes=[32, 42, 42], logprob=-5.7441516), TopLogprob(token=' ""', bytes=[32, 34], logprob=-5.886598), TopLogprob(token=' option', bytes=[32, 111, 112, 116, 105, 111, 110], logprob=-6.090015)]), ChatCompletionTokenLogprob(token='1', bytes=[49], logprob=-0.021650286, top_logprobs=[TopLogprob(token='1', bytes=[49], logprob=-0.021650286), TopLogprob(token='2', bytes=[50], logprob=-3.8454876), TopLogprob(token=' ', bytes=[32], logprob=-10.23744), TopLogprob(token=' **', bytes=[32, 42, 42], logprob=-12.546232), TopLogprob(token='3', bytes=[51], logprob=-14.565866)]), ChatCompletionTokenLogprob(token=')', bytes=[41], logprob=-3.917321e-05, top_logprobs=[TopLogprob(token=')', bytes=[41], logprob=-3.917321e-05), TopLogprob(token='.', bytes=[46], logprob=-10.645665), TopLogprob(token=':', bytes=[58], logprob=-11.843274), TopLogprob(token=',', bytes=[44], logprob=-13.336169), TopLogprob(token=' -', bytes=[32, 45], logprob=-13.420844)]), ChatCompletionTokenLogprob(token=' were', bytes=[32, 119, 101, 114, 101], logprob=-0.0047320104, top_logprobs=[TopLogprob(token=' were', bytes=[32, 119, 101, 114, 101], logprob=-0.0047320104), TopLogprob(token=' ""', bytes=[32, 34], logprob=-5.4481277), TopLogprob(token=' **', bytes=[32, 42, 42], logprob=-9.23484), TopLogprob(token=' ', bytes=[32], logprob=-9.277515), TopLogprob(token=' was', bytes=[32, 119, 97, 115], logprob=-9.461382)]), ChatCompletionTokenLogprob(token='.', bytes=[46], logprob=-0.003714927, top_logprobs=[TopLogprob(token='.', bytes=[46], logprob=-0.003714927), TopLogprob(token='.\n\n', bytes=[46, 10, 10], logprob=-6.1463523), TopLogprob(token='.\n', bytes=[46, 10], logprob=-6.750837), TopLogprob(token='<|end|>', bytes=None, logprob=-8.614799), TopLogprob(token=',', bytes=[44], logprob=-9.196116)])]"
3,IC,Jenny assisted the maid of the executives who ___ .,"1) was, 2) were","1) were, 2) was","Sentence: Jenny assisted the maid of the executives who ___ . Options: 1) was, 2) were. Answer: ","Sentence: Jenny assisted the maid of the executives who ___ . Options: 1) were, 2) was. Answer: ","1) were, 2) was",1,"[ChatCompletionTokenLogprob(token='1', bytes=[49], logprob=-0.73162, top_logprobs=[TopLogprob(token='1', bytes=[49], logprob=-0.73162), TopLogprob(token='The', bytes=[84, 104, 101], logprob=-1.641124), TopLogprob(token='Option', bytes=[79, 112, 116, 105, 111, 110], logprob=-1.7082455), TopLogprob(token='Answer', bytes=[65, 110, 115, 119, 101, 114], logprob=-2.0815537), TopLogprob(token='2', bytes=[50], logprob=-4.286626)])]"
3,nonIC,Jenny joked with the maid of the executives who ___ .,"1) was, 2) were","1) were, 2) was","Sentence: Jenny joked with the maid of the executives who ___ . Options: 1) was, 2) were. Answer: ","Sentence: Jenny joked with the maid of the executives who ___ . Options: 1) were, 2) was. Answer: ","1) was, 2) were",1,"[ChatCompletionTokenLogprob(token='1', bytes=[49], logprob=-0.5267076, top_logprobs=[TopLogprob(token='1', bytes=[49], logprob=-0.5267076), TopLogprob(token='Answer', bytes=[65, 110, 115, 119, 101, 114], logprob=-1.0950289), TopLogprob(token='The', bytes=[84, 104, 101], logprob=-3.2631483), TopLogprob(token='Option', bytes=[79, 112, 116, 105, 111, 110], logprob=-3.7442904), TopLogprob(token='2', bytes=[50], logprob=-4.570182)])]"
4,IC,Nick trusted the captain of the sailors who ___ .,"1) has, 2) have","1) have, 2) has","Sentence: Nick trusted the captain of the sailors who ___ . Options: 1) has, 2) have. Answer: ","Sentence: Nick trusted the captain of the sailors who ___ . Options: 1) have, 2) has. Answer: ","1) has, 2) have",The correct answer is 1) has.,"[ChatCompletionTokenLogprob(token='The', bytes=[84, 104, 101], logprob=-0.90307415, top_logprobs=[TopLogprob(token='The', bytes=[84, 104, 101], logprob=-0.90307415), TopLogprob(token='Answer', bytes=[65, 110, 115, 119, 101, 114], logprob=-1.2840842), TopLogprob(token='1', bytes=[49], logprob=-1.9037722), TopLogprob(token='Option', bytes=[79, 112, 116, 105, 111, 110], logprob=-1.9095286), TopLogprob(token='2', bytes=[50], logprob=-4.2698536)]), ChatCompletionTokenLogprob(token=' correct', bytes=[32, 99, 111, 114, 114, 101, 99, 116], logprob=-0.0053146356, top_logprobs=[TopLogprob(token=' correct', bytes=[32, 99, 111, 114, 114, 101, 99, 116], logprob=-0.0053146356), TopLogprob(token=' best', bytes=[32, 98, 101, 115, 116], logprob=-6.057267), TopLogprob(token=' answer', bytes=[32, 97, 110, 115, 119, 101, 114], logprob=-6.154256), TopLogprob(token=' sentence', bytes=[32, 115, 101, 110, 116, 101, 110, 99, 101], logprob=-7.1343927), TopLogprob(token=' appropriate', bytes=[32, 97, 112, 112, 114, 111, 112, 114, 105, 97, 116, 101], logprob=-11.677533)]), ChatCompletionTokenLogprob(token=' answer', bytes=[32, 97, 110, 115, 119, 101, 114], logprob=-0.029425168, top_logprobs=[TopLogprob(token=' answer', bytes=[32, 97, 110, 115, 119, 101, 114], logprob=-0.029425168), TopLogprob(token=' option', bytes=[32, 111, 112, 116, 105, 111, 110], logprob=-3.5674233), TopLogprob(token=' response', bytes=[32, 114, 101, 115, 112, 111, 110, 115, 101], logprob=-8.236077), TopLogprob(token=' Answer', bytes=[32, 65, 110, 115, 119, 101, 114], logprob=-8.427985), TopLogprob(token=' choice', bytes=[32, 99, 104, 111, 105, 99, 101], logprob=-8.631314)]), ChatCompletionTokenLogprob(token=' is', bytes=[32, 105, 115], logprob=-0.0015418807, top_logprobs=[TopLogprob(token=' is', bytes=[32, 105, 115], logprob=-0.0015418807), TopLogprob(token=' would', bytes=[32, 119, 111, 117, 108, 100], logprob=-7.227681), TopLogprob(token=' in', bytes=[32, 105, 110], logprob=-8.1273775), TopLogprob(token=' to', bytes=[32, 116, 111], logprob=-8.524617), TopLogprob(token=' for', bytes=[32, 102, 111, 114], logprob=-8.859275)]), ChatCompletionTokenLogprob(token=' ', bytes=[32], logprob=-0.14121754, top_logprobs=[TopLogprob(token=' ', bytes=[32], logprob=-0.14121754), TopLogprob(token=':', bytes=[58], logprob=-2.1800816), TopLogprob(token=' ""', bytes=[32, 34], logprob=-5.026878), TopLogprob(token=' option', bytes=[32, 111, 112, 116, 105, 111, 110], logprob=-5.432468), TopLogprob(token=' **', bytes=[32, 42, 42], logprob=-5.5831923)]), ChatCompletionTokenLogprob(token='1', bytes=[49], logprob=-0.638129, top_logprobs=[TopLogprob(token='1', bytes=[49], logprob=-0.638129), TopLogprob(token='2', bytes=[50], logprob=-0.7515762), TopLogprob(token=' ', bytes=[32], logprob=-9.534785), TopLogprob(token=' **', bytes=[32, 42, 42], logprob=-11.782977), TopLogprob(token=' has', bytes=[32, 104, 97, 115], logprob=-12.31898)]), ChatCompletionTokenLogprob(token=')', bytes=[41], logprob=-7.481511e-05, top_logprobs=[TopLogprob(token=')', bytes=[41], logprob=-7.481511e-05), TopLogprob(token='.', bytes=[46], logprob=-9.786358), TopLogprob(token=':', bytes=[58], logprob=-11.87512), TopLogprob(token=',', bytes=[44], logprob=-13.033628), TopLogprob(token=' -', bytes=[32, 45], logprob=-13.084293)]), ChatCompletionTokenLogprob(token=' has', bytes=[32, 104, 97, 115], logprob=-0.0006361892, top_logprobs=[TopLogprob(token=' has', bytes=[32, 104, 97, 115], logprob=-0.0006361892), TopLogprob(token=' ""', bytes=[32, 34], logprob=-7.554488), TopLogprob(token=' Nick', bytes=[32, 78, 105, 99, 107], logprob=-9.491866), TopLogprob(token=' **', bytes=[32, 42, 42], logprob=-11.422549), TopLogprob(token=' ', bytes=[32], logprob=-11.772445)]), ChatCompletionTokenLogprob(token='.', bytes=[46], logprob=-0.002754234, top_logprobs=[TopLogprob(token='.', bytes=[46], logprob=-0.002754234), TopLogprob(token='.\n\n', bytes=[46, 10, 10], logprob=-6.5931816), TopLogprob(token='.\n', bytes=[46, 10], logprob=-7.100851), TopLogprob(token='<|end|>', bytes=None, logprob=-8.201929), TopLogprob(token=',', bytes=[44], logprob=-9.054893)])]"
4,nonIC,Nick stood near the captain of the sailors who ___ .,"1) has, 2) have","1) have, 2) has","Sentence: Nick stood near the captain of the sailors who ___ . Options: 1) has, 2) have. Answer: ","Sentence: Nick stood near the captain of the sailors who ___ . Options: 1) have, 2) has. Answer: ","1) has, 2) have",2,"[ChatCompletionTokenLogprob(token='2', bytes=[50], logprob=-0.949641, top_logprobs=[TopLogprob(token='2', bytes=[50], logprob=-0.949641), TopLogprob(token='1', bytes=[49], logprob=-1.339339), TopLogprob(token='The', bytes=[84, 104, 101], logprob=-1.7817161), TopLogprob(token='Answer', bytes=[65, 110, 115, 119, 101, 114], logprob=-2.2532947), TopLogprob(token='Option', bytes=[79, 112, 116, 105, 111, 110], logprob=-3.0459735)])]"
5,IC,Angela corrected the secretary of the lawyers who ___ .,"1) has, 2) have","1) have, 2) has","Sentence: Angela corrected the secretary of the lawyers who ___ . Options: 1) has, 2) have. Answer: ","Sentence: Angela corrected the secretary of the lawyers who ___ . Options: 1) have, 2) has. Answer: ","1) has, 2) have",The correct answer is 2) have.,"[ChatCompletionTokenLogprob(token='The', bytes=[84, 104, 101], logprob=-1.0588739, top_logprobs=[TopLogprob(token='The', bytes=[84, 104, 101], logprob=-1.0588739), TopLogprob(token='Option', bytes=[79, 112, 116, 105, 111, 110], logprob=-1.6132066), TopLogprob(token='Answer', bytes=[65, 110, 115, 119, 101, 114], logprob=-1.6840112), TopLogprob(token='1', bytes=[49], logprob=-1.9600542), TopLogprob(token='2', bytes=[50], logprob=-2.1663034)]), ChatCompletionTokenLogprob(token=' correct', bytes=[32, 99, 111, 114, 114, 101, 99, 116], logprob=-0.009384393, top_logprobs=[TopLogprob(token=' correct', bytes=[32, 99, 111, 114, 114, 101, 99, 116], logprob=-0.009384393), TopLogprob(token=' answer', bytes=[32, 97, 110, 115, 119, 101, 114], logprob=-5.0667), TopLogprob(token=' best', bytes=[32, 98, 101, 115, 116], logprob=-6.0132217), TopLogprob(token=' sentence', bytes=[32, 115, 101, 110, 116, 101, 110, 99, 101], logprob=-7.5111923), TopLogprob(token=' most', bytes=[32, 109, 111, 115, 116], logprob=-11.696102)]), ChatCompletionTokenLogprob(token=' answer', bytes=[32, 97, 110, 115, 119, 101, 114], logprob=-0.042313125, top_logprobs=[TopLogprob(token=' answer', bytes=[32, 97, 110, 115, 119, 101, 114], logprob=-0.042313125), TopLogprob(token=' option', bytes=[32, 111, 112, 116, 105, 111, 110], logprob=-3.2077909), TopLogprob(token=' response', bytes=[32, 114, 101, 115, 112, 111, 110, 115, 101], logprob=-8.029616), TopLogprob(token=' Answer', bytes=[32, 65, 110, 115, 119, 101, 114], logprob=-8.122733), TopLogprob(token=' choice', bytes=[32, 99, 104, 111, 105, 99, 101], logprob=-8.590337)]), ChatCompletionTokenLogprob(token=' is', bytes=[32, 105, 115], logprob=-0.0013905928, top_logprobs=[TopLogprob(token=' is', bytes=[32, 105, 115], logprob=-0.0013905928), TopLogprob(token=' would', bytes=[32, 119, 111, 117, 108, 100], logprob=-7.2570496), TopLogprob(token=' in', bytes=[32, 105, 110], logprob=-8.137993), TopLogprob(token=' to', bytes=[32, 116, 111], logprob=-8.86541), TopLogprob(token=' based', bytes=[32, 98, 97, 115, 101, 100], logprob=-9.028492)]), ChatCompletionTokenLogprob(token=' ', bytes=[32], logprob=-0.108775094, top_logprobs=[TopLogprob(token=' ', bytes=[32], logprob=-0.108775094), TopLogprob(token=':', bytes=[58], logprob=-2.468398), TopLogprob(token=' ""', bytes=[32, 34], logprob=-4.957406), TopLogprob(token=' option', bytes=[32, 111, 112, 116, 105, 111, 110], logprob=-5.3823442), TopLogprob(token=' **', bytes=[32, 42, 42], logprob=-5.747302)]), ChatCompletionTokenLogprob(token='2', bytes=[50], logprob=-0.14120089, top_logprobs=[TopLogprob(token='2', bytes=[50], logprob=-0.14120089), TopLogprob(token='1', bytes=[49], logprob=-2.0276582), TopLogprob(token=' ', bytes=[32], logprob=-10.271954), TopLogprob(token=' **', bytes=[32, 42, 42], logprob=-13.308966), TopLogprob(token='3', bytes=[51], logprob=-13.409149)]), ChatCompletionTokenLogprob(token=')', bytes=[41], logprob=-0.00017338553, top_logprobs=[TopLogprob(token=')', bytes=[41], logprob=-0.00017338553), TopLogprob(token='.', bytes=[46], logprob=-8.905882), TopLogprob(token=':', bytes=[58], logprob=-11.100712), TopLogprob(token=' -', bytes=[32, 45], logprob=-11.938755), TopLogprob(token=',', bytes=[44], logprob=-12.590004)]), ChatCompletionTokenLogprob(token=' have', bytes=[32, 104, 97, 118, 101], logprob=-0.00014942927, top_logprobs=[TopLogprob(token=' have', bytes=[32, 104, 97, 118, 101], logprob=-0.00014942927), TopLogprob(token=' ""', bytes=[32, 34], logprob=-9.124051), TopLogprob(token=' Have', bytes=[32, 72, 97, 118, 101], logprob=-11.332099), TopLogprob(token=' ', bytes=[32], logprob=-11.627488), TopLogprob(token=' has', bytes=[32, 104, 97, 115], logprob=-12.143704)]), ChatCompletionTokenLogprob(token='.', bytes=[46], logprob=-0.030021915, top_logprobs=[TopLogprob(token='.', bytes=[46], logprob=-0.030021915), TopLogprob(token='.\n\n', bytes=[46, 10, 10], logprob=-3.7118342), TopLogprob(token='.\n', bytes=[46, 10], logprob=-5.315644), TopLogprob(token=' -', bytes=[32, 45], logprob=-9.466766), TopLogprob(token=',', bytes=[44], logprob=-9.975349)])]"
5,nonIC,Angela gossiped with the secretary of the lawyers who ___ .,"1) has, 2) have","1) have, 2) has","Sentence: Angela gossiped with the secretary of the lawyers who ___ . Options: 1) has, 2) have. Answer: ","Sentence: Angela gossiped with the secretary of the lawyers who ___ . Options: 1) have, 2) has. Answer: ","1) has, 2) have",1,"[ChatCompletionTokenLogprob(token='1', bytes=[49], logprob=-0.3854092, top_logprobs=[TopLogprob(token='1', bytes=[49], logprob=-0.3854092), TopLogprob(token='Answer', bytes=[65, 110, 115, 119, 101, 114], logprob=-2.0543373), TopLogprob(token='The', bytes=[84, 104, 101], logprob=-2.1459587), TopLogprob(token='Option', bytes=[79, 112, 116, 105, 111, 110], logprob=-3.201207), TopLogprob(token='2', bytes=[50], logprob=-3.7771919)])]"
6,IC,Bob comforted the leader of the activists who ___ .,"1) was, 2) were","1) were, 2) was","Sentence: Bob comforted the leader of the activists who ___ . Options: 1) was, 2) were. Answer: ","Sentence: Bob comforted the leader of the activists who ___ . Options: 1) were, 2) was. Answer: ","1) were, 2) was",1,"[ChatCompletionTokenLogprob(token='1', bytes=[49], logprob=-0.90700483, top_logprobs=[TopLogprob(token='1', bytes=[49], logprob=-0.90700483), TopLogprob(token='Option', bytes=[79, 112, 116, 105, 111, 110], logprob=-1.5621943), TopLogprob(token='The', bytes=[84, 104, 101], logprob=-1.5859332), TopLogprob(token='Answer', bytes=[65, 110, 115, 119, 101, 114], logprob=-1.7320724), TopLogprob(token='2', bytes=[50], logprob=-5.922357)])]"
6,nonIC,Bob greeted the leader of the activists who ___ .,"1) was, 2) were","1) were, 2) was","Sentence: Bob greeted the leader of the activists who ___ . Options: 1) was, 2) were. Answer: ","Sentence: Bob greeted the leader of the activists who ___ . Options: 1) were, 2) was. Answer: ","1) were, 2) was",The correct answer is 1) were.,"[ChatCompletionTokenLogprob(token='The', bytes=[84, 104, 101], logprob=-1.2337896, top_logprobs=[TopLogprob(token='The', bytes=[84, 104, 101], logprob=-1.2337896), TopLogprob(token='Option', bytes=[79, 112, 116, 105, 111, 110], logprob=-1.3237344), TopLogprob(token='1', bytes=[49], logprob=-1.440077), TopLogprob(token='Answer', bytes=[65, 110, 115, 119, 101, 114], logprob=-1.8837396), TopLogprob(token='2', bytes=[50], logprob=-3.013979)]), ChatCompletionTokenLogprob(token=' correct', bytes=[32, 99, 111, 114, 114, 101, 99, 116], logprob=-0.019955216, top_logprobs=[TopLogprob(token=' correct', bytes=[32, 99, 111, 114, 114, 101, 99, 116], logprob=-0.019955216), TopLogprob(token=' answer', bytes=[32, 97, 110, 115, 119, 101, 114], logprob=-4.3222356), TopLogprob(token=' best', bytes=[32, 98, 101, 115, 116], logprob=-5.180287), TopLogprob(token=' sentence', bytes=[32, 115, 101, 110, 116, 101, 110, 99, 101], logprob=-7.2213902), TopLogprob(token=' missing', bytes=[32, 109, 105, 115, 115, 105, 110, 103], logprob=-10.219935)]), ChatCompletionTokenLogprob(token=' answer', bytes=[32, 97, 110, 115, 119, 101, 114], logprob=-0.02514578, top_logprobs=[TopLogprob(token=' answer', bytes=[32, 97, 110, 115, 119, 101, 114], logprob=-0.02514578), TopLogprob(token=' option', bytes=[32, 111, 112, 116, 105, 111, 110], logprob=-3.721595), TopLogprob(token=' response', bytes=[32, 114, 101, 115, 112, 111, 110, 115, 101], logprob=-8.082349), TopLogprob(token=' choice', bytes=[32, 99, 104, 111, 105, 99, 101], logprob=-8.537404), TopLogprob(token=' Answer', bytes=[32, 65, 110, 115, 119, 101, 114], logprob=-9.178937)]), ChatCompletionTokenLogprob(token=' is', bytes=[32, 105, 115], logprob=-0.0014974837, top_logprobs=[TopLogprob(token=' is', bytes=[32, 105, 115], logprob=-0.0014974837), TopLogprob(token=' would', bytes=[32, 119, 111, 117, 108, 100], logprob=-7.188959), TopLogprob(token=' in', bytes=[32, 105, 110], logprob=-7.8319225), TopLogprob(token=' to', bytes=[32, 116, 111], logprob=-9.217348), TopLogprob(token=' based', bytes=[32, 98, 97, 115, 101, 100], logprob=-9.231737)]), ChatCompletionTokenLogprob(token=' ', bytes=[32], logprob=-0.13981824, top_logprobs=[TopLogprob(token=' ', bytes=[32], logprob=-0.13981824), TopLogprob(token=':', bytes=[58], logprob=-2.1358566), TopLogprob(token=' ""', bytes=[32, 34], logprob=-5.4931984), TopLogprob(token=' **', bytes=[32, 42, 42], logprob=-5.6869965), TopLogprob(token=' option', bytes=[32, 111, 112, 116, 105, 111, 110], logprob=-5.958067)]), ChatCompletionTokenLogprob(token='1', bytes=[49], logprob=-0.0036642067, top_logprobs=[TopLogprob(token='1', bytes=[49], logprob=-0.0036642067), TopLogprob(token='2', bytes=[50], logprob=-5.6237736), TopLogprob(token=' ', bytes=[32], logprob=-10.199434), TopLogprob(token=' **', bytes=[32, 42, 42], logprob=-12.342659), TopLogprob(token=' option', bytes=[32, 111, 112, 116, 105, 111, 110], logprob=-13.111137)]), ChatCompletionTokenLogprob(token=')', bytes=[41], logprob=-9.579495e-05, top_logprobs=[TopLogprob(token=')', bytes=[41], logprob=-9.579495e-05), TopLogprob(token='.', bytes=[46], logprob=-9.688314), TopLogprob(token=':', bytes=[58], logprob=-10.976177), TopLogprob(token=',', bytes=[44], logprob=-12.580877), TopLogprob(token=' -', bytes=[32, 45], logprob=-12.790577)]), ChatCompletionTokenLogprob(token=' were', bytes=[32, 119, 101, 114, 101], logprob=-0.003070641, top_logprobs=[TopLogprob(token=' were', bytes=[32, 119, 101, 114, 101], logprob=-0.003070641), TopLogprob(token=' ""', bytes=[32, 34], logprob=-5.870672), TopLogprob(token=' was', bytes=[32, 119, 97, 115], logprob=-9.716082), TopLogprob(token=' who', bytes=[32, 119, 104, 111], logprob=-9.936596), TopLogprob(token=' Bob', bytes=[32, 66, 111, 98], logprob=-10.229464)]), ChatCompletionTokenLogprob(token='.', bytes=[46], logprob=-0.0015649732, top_logprobs=[TopLogprob(token='.', bytes=[46], logprob=-0.0015649732), TopLogprob(token='.\n\n', bytes=[46, 10, 10], logprob=-7.2973413), TopLogprob(token='.\n', bytes=[46, 10], logprob=-7.614484), TopLogprob(token=',', bytes=[44], logprob=-9.022334), TopLogprob(token='<|end|>', bytes=None, logprob=-9.351638)])]"
7,IC,Laura envies the manager of the cashiers who ___ .,"1) has, 2) have","1) have, 2) has","Sentence: Laura envies the manager of the cashiers who ___ . Options: 1) has, 2) have. Answer: ","Sentence: Laura envies the manager of the cashiers who ___ . Options: 1) have, 2) has. Answer: ","1) has, 2) have",1,"[ChatCompletionTokenLogprob(token='1', bytes=[49], logprob=-0.67762005, top_logprobs=[TopLogprob(token='1', bytes=[49], logprob=-0.67762005), TopLogprob(token='The', bytes=[84, 104, 101], logprob=-1.05851), TopLogprob(token='Laura', bytes=[76, 97, 117, 114, 97], logprob=-2.783535), TopLogprob(token='Option', bytes=[79, 112, 116, 105, 111, 110], logprob=-3.0431805), TopLogprob(token='Answer', bytes=[65, 110, 115, 119, 101, 114], logprob=-3.6841202)])]"
7,nonIC,Laura knows the manager of the cashiers who ___ .,"1) has, 2) have","1) have, 2) has","Sentence: Laura knows the manager of the cashiers who ___ . Options: 1) has, 2) have. Answer: ","Sentence: Laura knows the manager of the cashiers who ___ . Options: 1) have, 2) has. Answer: ","1) has, 2) have",The correct answer is 1) has.,"[ChatCompletionTokenLogprob(token='The', bytes=[84, 104, 101], logprob=-0.9578675, top_logprobs=[TopLogprob(token='The', bytes=[84, 104, 101], logprob=-0.9578675), TopLogprob(token='1', bytes=[49], logprob=-0.99449813), TopLogprob(token='Answer', bytes=[65, 110, 115, 119, 101, 114], logprob=-1.8310536), TopLogprob(token='Laura', bytes=[76, 97, 117, 114, 97], logprob=-3.106904), TopLogprob(token='Option', bytes=[79, 112, 116, 105, 111, 110], logprob=-3.3519335)]), ChatCompletionTokenLogprob(token=' correct', bytes=[32, 99, 111, 114, 114, 101, 99, 116], logprob=-0.0040799472, top_logprobs=[TopLogprob(token=' correct', bytes=[32, 99, 111, 114, 114, 101, 99, 116], logprob=-0.0040799472), TopLogprob(token=' answer', bytes=[32, 97, 110, 115, 119, 101, 114], logprob=-5.9013195), TopLogprob(token=' best', bytes=[32, 98, 101, 115, 116], logprob=-6.995569), TopLogprob(token=' sentence', bytes=[32, 115, 101, 110, 116, 101, 110, 99, 101], logprob=-7.8605785), TopLogprob(token=' appropriate', bytes=[32, 97, 112, 112, 114, 111, 112, 114, 105, 97, 116, 101], logprob=-11.600628)]), ChatCompletionTokenLogprob(token=' answer', bytes=[32, 97, 110, 115, 119, 101, 114], logprob=-0.029994503, top_logprobs=[TopLogprob(token=' answer', bytes=[32, 97, 110, 115, 119, 101, 114], logprob=-0.029994503), TopLogprob(token=' option', bytes=[32, 111, 112, 116, 105, 111, 110], logprob=-3.548099), TopLogprob(token=' response', bytes=[32, 114, 101, 115, 112, 111, 110, 115, 101], logprob=-8.235626), TopLogprob(token=' Answer', bytes=[32, 65, 110, 115, 119, 101, 114], logprob=-8.421125), TopLogprob(token=' choice', bytes=[32, 99, 104, 111, 105, 99, 101], logprob=-8.479353)]), ChatCompletionTokenLogprob(token=' is', bytes=[32, 105, 115], logprob=-0.0011672453, top_logprobs=[TopLogprob(token=' is', bytes=[32, 105, 115], logprob=-0.0011672453), TopLogprob(token=' would', bytes=[32, 119, 111, 117, 108, 100], logprob=-7.3064938), TopLogprob(token=' to', bytes=[32, 116, 111], logprob=-8.825466), TopLogprob(token=' based', bytes=[32, 98, 97, 115, 101, 100], logprob=-8.941847), TopLogprob(token=' in', bytes=[32, 105, 110], logprob=-9.038334)]), ChatCompletionTokenLogprob(token=' ', bytes=[32], logprob=-0.1516304, top_logprobs=[TopLogprob(token=' ', bytes=[32], logprob=-0.1516304), TopLogprob(token=':', bytes=[58], logprob=-2.0597267), TopLogprob(token=' ""', bytes=[32, 34], logprob=-5.5241184), TopLogprob(token=' **', bytes=[32, 42, 42], logprob=-5.590067), TopLogprob(token=' option', bytes=[32, 111, 112, 116, 105, 111, 110], logprob=-6.181902)]), ChatCompletionTokenLogprob(token='1', bytes=[49], logprob=-0.00017636562, top_logprobs=[TopLogprob(token='1', bytes=[49], logprob=-0.00017636562), TopLogprob(token='2', bytes=[50], logprob=-8.797338), TopLogprob(token=' ', bytes=[32], logprob=-10.795468), TopLogprob(token=' **', bytes=[32, 42, 42], logprob=-12.583617), TopLogprob(token=' ""', bytes=[32, 34], logprob=-14.108724)]), ChatCompletionTokenLogprob(token=')', bytes=[41], logprob=-3.9411618e-05, top_logprobs=[TopLogprob(token=')', bytes=[41], logprob=-3.9411618e-05), TopLogprob(token='.', bytes=[46], logprob=-10.532346), TopLogprob(token=':', bytes=[58], logprob=-12.207454), TopLogprob(token=',', bytes=[44], logprob=-13.571975), TopLogprob(token=' -', bytes=[32, 45], logprob=-13.596904)]), ChatCompletionTokenLogprob(token=' has', bytes=[32, 104, 97, 115], logprob=-0.0004521222, top_logprobs=[TopLogprob(token=' has', bytes=[32, 104, 97, 115], logprob=-0.0004521222), TopLogprob(token=' ""', bytes=[32, 34], logprob=-7.8587875), TopLogprob(token=' Laura', bytes=[32, 76, 97, 117, 114, 97], logprob=-10.244295), TopLogprob(token=' ', bytes=[32], logprob=-11.653069), TopLogprob(token=' **', bytes=[32, 42, 42], logprob=-12.049114)]), ChatCompletionTokenLogprob(token='.', bytes=[46], logprob=-0.0069782143, top_logprobs=[TopLogprob(token='.', bytes=[46], logprob=-0.0069782143), TopLogprob(token='.\n\n', bytes=[46, 10, 10], logprob=-5.379607), TopLogprob(token='.\n', bytes=[46, 10], logprob=-6.296069), TopLogprob(token='<|end|>', bytes=None, logprob=-8.247832), TopLogprob(token=' -', bytes=[32, 45], logprob=-9.475124)])]"
8,IC,Zack valued the daughter of the shopkeepers who ___ .,"1) was, 2) were","1) were, 2) was","Sentence: Zack valued the daughter of the shopkeepers who ___ . Options: 1) was, 2) were. Answer: ","Sentence: Zack valued the daughter of the shopkeepers who ___ . Options: 1) were, 2) was. Answer: ","1) was, 2) were",1,"[ChatCompletionTokenLogprob(token='1', bytes=[49], logprob=-0.42573744, top_logprobs=[TopLogprob(token='1', bytes=[49], logprob=-0.42573744), TopLogprob(token='Option', bytes=[79, 112, 116, 105, 111, 110], logprob=-1.9413013), TopLogprob(token='The', bytes=[84, 104, 101], logprob=-2.1836815), TopLogprob(token='Answer', bytes=[65, 110, 115, 119, 101, 114], logprob=-2.926031), TopLogprob(token='2', bytes=[50], logprob=-3.6840935)])]"
8,nonIC,Zack recognized the daughter of the shopkeepers who ___ .,"1) was, 2) were","1) were, 2) was","Sentence: Zack recognized the daughter of the shopkeepers who ___ . Options: 1) was, 2) were. Answer: ","Sentence: Zack recognized the daughter of the shopkeepers who ___ . Options: 1) were, 2) was. Answer: ","1) was, 2) were",Answer: 1) was,"[ChatCompletionTokenLogprob(token='Answer', bytes=[65, 110, 115, 119, 101, 114], logprob=-0.47462285, top_logprobs=[TopLogprob(token='Answer', bytes=[65, 110, 115, 119, 101, 114], logprob=-0.47462285), TopLogprob(token='1', bytes=[49], logprob=-1.4158307), TopLogprob(token='Option', bytes=[79, 112, 116, 105, 111, 110], logprob=-2.692482), TopLogprob(token='The', bytes=[84, 104, 101], logprob=-2.7950935), TopLogprob(token='2', bytes=[50], logprob=-5.708212)]), ChatCompletionTokenLogprob(token=':', bytes=[58], logprob=-9.133887e-06, top_logprobs=[TopLogprob(token=':', bytes=[58], logprob=-9.133887e-06), TopLogprob(token=' ', bytes=[32], logprob=-11.713835), TopLogprob(token=' is', bytes=[32, 105, 115], logprob=-14.853376), TopLogprob(token=' :', bytes=[32, 58], logprob=-14.905346), TopLogprob(token=':\n', bytes=[58, 10], logprob=-16.14491)]), ChatCompletionTokenLogprob(token=' ', bytes=[32], logprob=-0.0005197896, top_logprobs=[TopLogprob(token=' ', bytes=[32], logprob=-0.0005197896), TopLogprob(token=' \n\n', bytes=[32, 10, 10], logprob=-8.112163), TopLogprob(token=' \n', bytes=[32, 10], logprob=-9.597533), TopLogprob(token=' Option', bytes=[32, 79, 112, 116, 105, 111, 110], logprob=-9.985408), TopLogprob(token=' **', bytes=[32, 42, 42], logprob=-10.381297)]), ChatCompletionTokenLogprob(token='1', bytes=[49], logprob=-0.0035343752, top_logprobs=[TopLogprob(token='1', bytes=[49], logprob=-0.0035343752), TopLogprob(token='2', bytes=[50], logprob=-5.7128963), TopLogprob(token=' ', bytes=[32], logprob=-8.409687), TopLogprob(token=' **', bytes=[32, 42, 42], logprob=-13.975767), TopLogprob(token=' ""', bytes=[32, 34], logprob=-15.235201)]), ChatCompletionTokenLogprob(token=')', bytes=[41], logprob=-0.004916835, top_logprobs=[TopLogprob(token=')', bytes=[41], logprob=-0.004916835), TopLogprob(token='<|end|>', bytes=None, logprob=-5.5015903), TopLogprob(token='.', bytes=[46], logprob=-7.795239), TopLogprob(token=' (', bytes=[32, 40], logprob=-8.053601), TopLogprob(token=' -', bytes=[32, 45], logprob=-10.426793)]), ChatCompletionTokenLogprob(token=' was', bytes=[32, 119, 97, 115], logprob=-0.00032843283, top_logprobs=[TopLogprob(token=' was', bytes=[32, 119, 97, 115], logprob=-0.00032843283), TopLogprob(token=' Zack', bytes=[32, 90, 97, 99, 107], logprob=-8.544041), TopLogprob(token=' ', bytes=[32], logprob=-9.429117), TopLogprob(token=' ""', bytes=[32, 34], logprob=-10.288349), TopLogprob(token=' Was', bytes=[32, 87, 97, 115], logprob=-12.102074)])]"
9,IC,Sarah fears the uncle of the toddlers who ___ .,"1) is, 2) are","1) are, 2) is","Sentence: Sarah fears the uncle of the toddlers who ___ . Options: 1) is, 2) are. Answer: ","Sentence: Sarah fears the uncle of the toddlers who ___ . Options: 1) are, 2) is. Answer: ","1) is, 2) are",Answer: 1) is,"[ChatCompletionTokenLogprob(token='Answer', bytes=[65, 110, 115, 119, 101, 114], logprob=-0.70833606, top_logprobs=[TopLogprob(token='Answer', bytes=[65, 110, 115, 119, 101, 114], logprob=-0.70833606), TopLogprob(token='1', bytes=[49], logprob=-1.298609), TopLogprob(token='The', bytes=[84, 104, 101], logprob=-2.0203745), TopLogprob(token='2', bytes=[50], logprob=-2.6867201), TopLogprob(token='Option', bytes=[79, 112, 116, 105, 111, 110], logprob=-3.574713)]), ChatCompletionTokenLogprob(token=':', bytes=[58], logprob=-5.2001665e-06, top_logprobs=[TopLogprob(token=':', bytes=[58], logprob=-5.2001665e-06), TopLogprob(token=' ', bytes=[32], logprob=-12.331513), TopLogprob(token=' :', bytes=[32, 58], logprob=-15.014785), TopLogprob(token=' is', bytes=[32, 105, 115], logprob=-15.061358), TopLogprob(token=':\n', bytes=[58, 10], logprob=-16.745064)]), ChatCompletionTokenLogprob(token=' ', bytes=[32], logprob=-0.00087465893, top_logprobs=[TopLogprob(token=' ', bytes=[32], logprob=-0.00087465893), TopLogprob(token=' \n\n', bytes=[32, 10, 10], logprob=-7.541747), TopLogprob(token=' \n', bytes=[32, 10], logprob=-8.933808), TopLogprob(token=' **', bytes=[32, 42, 42], logprob=-9.707583), TopLogprob(token=' Option', bytes=[32, 79, 112, 116, 105, 111, 110], logprob=-9.998021)]), ChatCompletionTokenLogprob(token='1', bytes=[49], logprob=-0.2932237, top_logprobs=[TopLogprob(token='1', bytes=[49], logprob=-0.2932237), TopLogprob(token='2', bytes=[50], logprob=-1.3718446), TopLogprob(token=' ', bytes=[32], logprob=-7.6277575), TopLogprob(token=' is', bytes=[32, 105, 115], logprob=-11.99878), TopLogprob(token=' **', bytes=[32, 42, 42], logprob=-12.5046015)]), ChatCompletionTokenLogprob(token=')', bytes=[41], logprob=-0.06264107, top_logprobs=[TopLogprob(token=')', bytes=[41], logprob=-0.06264107), TopLogprob(token='<|end|>', bytes=None, logprob=-2.8670158), TopLogprob(token=' (', bytes=[32, 40], logprob=-6.30064), TopLogprob(token='.', bytes=[46], logprob=-6.3877487), TopLogprob(token=' -', bytes=[32, 45], logprob=-8.54925)]), ChatCompletionTokenLogprob(token=' is', bytes=[32, 105, 115], logprob=-5.0974373e-05, top_logprobs=[TopLogprob(token=' is', bytes=[32, 105, 115], logprob=-5.0974373e-05), TopLogprob(token=' ""', bytes=[32, 34], logprob=-10.847659), TopLogprob(token=' Sarah', bytes=[32, 83, 97, 114, 97, 104], logprob=-11.174241), TopLogprob(token=' Is', bytes=[32, 73, 115], logprob=-11.454562), TopLogprob(token=' ', bytes=[32], logprob=-12.362437)])]"
9,nonIC,Sarah jogs with the uncle of the toddlers who ___ .,"1) is, 2) are","1) are, 2) is","Sentence: Sarah jogs with the uncle of the toddlers who ___ . Options: 1) is, 2) are. Answer: ","Sentence: Sarah jogs with the uncle of the toddlers who ___ . Options: 1) are, 2) is. Answer: ","1) are, 2) is",1,"[ChatCompletionTokenLogprob(token='1', bytes=[49], logprob=-1.02093, top_logprobs=[TopLogprob(token='1', bytes=[49], logprob=-1.02093), TopLogprob(token='The', bytes=[84, 104, 101], logprob=-1.2464454), TopLogprob(token='Answer', bytes=[65, 110, 115, 119, 101, 114], logprob=-1.6141346), TopLogprob(token='Option', bytes=[79, 112, 116, 105, 111, 110], logprob=-2.1018608), TopLogprob(token='2', bytes=[50], logprob=-3.7217739)])]"
10,IC,Adam noticed the representative of the employees who ___ .,"1) was, 2) were","1) were, 2) was","Sentence: Adam noticed the representative of the employees who ___ . Options: 1) was, 2) were. Answer: ","Sentence: Adam noticed the representative of the employees who ___ . Options: 1) were, 2) was. Answer: ","1) were, 2) was",The correct answer is 1) were.,"[ChatCompletionTokenLogprob(token='The', bytes=[84, 104, 101], logprob=-1.1427618, top_logprobs=[TopLogprob(token='The', bytes=[84, 104, 101], logprob=-1.1427618), TopLogprob(token='1', bytes=[49], logprob=-1.3119646), TopLogprob(token='Answer', bytes=[65, 110, 115, 119, 101, 114], logprob=-1.8167177), TopLogprob(token='Option', bytes=[79, 112, 116, 105, 111, 110], logprob=-1.8799464), TopLogprob(token='2', bytes=[50], logprob=-2.4531617)]), ChatCompletionTokenLogprob(token=' correct', bytes=[32, 99, 111, 114, 114, 101, 99, 116], logprob=-0.026792856, top_logprobs=[TopLogprob(token=' correct', bytes=[32, 99, 111, 114, 114, 101, 99, 116], logprob=-0.026792856), TopLogprob(token=' answer', bytes=[32, 97, 110, 115, 119, 101, 114], logprob=-3.9231093), TopLogprob(token=' best', bytes=[32, 98, 101, 115, 116], logprob=-5.1587243), TopLogprob(token=' sentence', bytes=[32, 115, 101, 110, 116, 101, 110, 99, 101], logprob=-7.202349), TopLogprob(token=' appropriate', bytes=[32, 97, 112, 112, 114, 111, 112, 114, 105, 97, 116, 101], logprob=-9.833996)]), ChatCompletionTokenLogprob(token=' answer', bytes=[32, 97, 110, 115, 119, 101, 114], logprob=-0.017130736, top_logprobs=[TopLogprob(token=' answer', bytes=[32, 97, 110, 115, 119, 101, 114], logprob=-0.017130736), TopLogprob(token=' option', bytes=[32, 111, 112, 116, 105, 111, 110], logprob=-4.119956), TopLogprob(token=' response', bytes=[32, 114, 101, 115, 112, 111, 110, 115, 101], logprob=-8.164195), TopLogprob(token=' Answer', bytes=[32, 65, 110, 115, 119, 101, 114], logprob=-8.292817), TopLogprob(token=' choice', bytes=[32, 99, 104, 111, 105, 99, 101], logprob=-8.638812)]), ChatCompletionTokenLogprob(token=' is', bytes=[32, 105, 115], logprob=-0.0012182132, top_logprobs=[TopLogprob(token=' is', bytes=[32, 105, 115], logprob=-0.0012182132), TopLogprob(token=' would', bytes=[32, 119, 111, 117, 108, 100], logprob=-7.650308), TopLogprob(token=' in', bytes=[32, 105, 110], logprob=-7.8328586), TopLogprob(token=' to', bytes=[32, 116, 111], logprob=-9.092483), TopLogprob(token=' for', bytes=[32, 102, 111, 114], logprob=-9.110093)]), ChatCompletionTokenLogprob(token=' ', bytes=[32], logprob=-0.13872874, top_logprobs=[TopLogprob(token=' ', bytes=[32], logprob=-0.13872874), TopLogprob(token=':', bytes=[58], logprob=-2.1375613), TopLogprob(token=' ""', bytes=[32, 34], logprob=-5.480182), TopLogprob(token=' **', bytes=[32, 42, 42], logprob=-5.8345447), TopLogprob(token=' option', bytes=[32, 111, 112, 116, 105, 111, 110], logprob=-6.141954)]), ChatCompletionTokenLogprob(token='1', bytes=[49], logprob=-0.009230273, top_logprobs=[TopLogprob(token='1', bytes=[49], logprob=-0.009230273), TopLogprob(token='2', bytes=[50], logprob=-4.695275), TopLogprob(token=' ', bytes=[32], logprob=-10.09393), TopLogprob(token=' **', bytes=[32, 42, 42], logprob=-12.326369), TopLogprob(token=' ""', bytes=[32, 34], logprob=-14.114345)]), ChatCompletionTokenLogprob(token=')', bytes=[41], logprob=-2.9040899e-05, top_logprobs=[TopLogprob(token=')', bytes=[41], logprob=-2.9040899e-05), TopLogprob(token='.', bytes=[46], logprob=-11.056894), TopLogprob(token=':', bytes=[58], logprob=-12.204954), TopLogprob(token='),', bytes=[41, 44], logprob=-13.302586), TopLogprob(token=',', bytes=[44], logprob=-13.437155)]), ChatCompletionTokenLogprob(token=' were', bytes=[32, 119, 101, 114, 101], logprob=-0.0014229721, top_logprobs=[TopLogprob(token=' were', bytes=[32, 119, 101, 114, 101], logprob=-0.0014229721), TopLogprob(token=' ""', bytes=[32, 34], logprob=-6.7633476), TopLogprob(token=' was', bytes=[32, 119, 97, 115], logprob=-8.922453), TopLogprob(token=' **', bytes=[32, 42, 42], logprob=-10.123974), TopLogprob(token=' ', bytes=[32], logprob=-10.41951)]), ChatCompletionTokenLogprob(token='.', bytes=[46], logprob=-0.0020152405, top_logprobs=[TopLogprob(token='.', bytes=[46], logprob=-0.0020152405), TopLogprob(token='<|end|>', bytes=None, logprob=-7.362912), TopLogprob(token='.\n\n', bytes=[46, 10, 10], logprob=-7.3833323), TopLogprob(token='.\n', bytes=[46, 10], logprob=-7.910057), TopLogprob(token=' -', bytes=[32, 45], logprob=-8.8496475)])]"
10,nonIC,Adam resembled the representative of the employees who ___ .,"1) was, 2) were","1) were, 2) was","Sentence: Adam resembled the representative of the employees who ___ . Options: 1) was, 2) were. Answer: ","Sentence: Adam resembled the representative of the employees who ___ . Options: 1) were, 2) was. Answer: ","1) were, 2) was",1,"[ChatCompletionTokenLogprob(token='1', bytes=[49], logprob=-0.5552511, top_logprobs=[TopLogprob(token='1', bytes=[49], logprob=-0.5552511), TopLogprob(token='The', bytes=[84, 104, 101], logprob=-1.4567537), TopLogprob(token='Answer', bytes=[65, 110, 115, 119, 101, 114], logprob=-2.2599173), TopLogprob(token='Option', bytes=[79, 112, 116, 105, 111, 110], logprob=-2.9108114), TopLogprob(token='2', bytes=[50], logprob=-3.64215)])]"
11,IC,Tina praised the gardeners of the millionaire who ___ .,"1) has, 2) have","1) have, 2) has","Sentence: Tina praised the gardeners of the millionaire who ___ . Options: 1) has, 2) have. Answer: ","Sentence: Tina praised the gardeners of the millionaire who ___ . Options: 1) have, 2) has. Answer: ","1) have, 2) has",1,"[ChatCompletionTokenLogprob(token='1', bytes=[49], logprob=-0.39236644, top_logprobs=[TopLogprob(token='1', bytes=[49], logprob=-0.39236644), TopLogprob(token='The', bytes=[84, 104, 101], logprob=-2.031475), TopLogprob(token='Option', bytes=[79, 112, 116, 105, 111, 110], logprob=-2.259447), TopLogprob(token='2', bytes=[50], logprob=-2.7625809), TopLogprob(token='Answer', bytes=[65, 110, 115, 119, 101, 114], logprob=-3.8092957)])]"
11,nonIC,Tina met the gardeners of the millionaire who ___ .,"1) has, 2) have","1) have, 2) has","Sentence: Tina met the gardeners of the millionaire who ___ . Options: 1) has, 2) have. Answer: ","Sentence: Tina met the gardeners of the millionaire who ___ . Options: 1) have, 2) has. Answer: ","1) has, 2) have",1,"[ChatCompletionTokenLogprob(token='1', bytes=[49], logprob=-0.3372607, top_logprobs=[TopLogprob(token='1', bytes=[49], logprob=-0.3372607), TopLogprob(token='The', bytes=[84, 104, 101], logprob=-2.23669), TopLogprob(token='Answer', bytes=[65, 110, 115, 119, 101, 114], logprob=-2.4396548), TopLogprob(token='2', bytes=[50], logprob=-2.8048568), TopLogprob(token='Option', bytes=[79, 112, 116, 105, 111, 110], logprob=-3.6782508)])]"
12,IC,Justin hates the cousins of the accountant who ___ .,"1) is, 2) are","1) are, 2) is","Sentence: Justin hates the cousins of the accountant who ___ . Options: 1) is, 2) are. Answer: ","Sentence: Justin hates the cousins of the accountant who ___ . Options: 1) are, 2) is. Answer: ","1) is, 2) are",1,"[ChatCompletionTokenLogprob(token='1', bytes=[49], logprob=-0.48219442, top_logprobs=[TopLogprob(token='1', bytes=[49], logprob=-0.48219442), TopLogprob(token='Answer', bytes=[65, 110, 115, 119, 101, 114], logprob=-1.4155402), TopLogprob(token='The', bytes=[84, 104, 101], logprob=-2.3365111), TopLogprob(token='2', bytes=[50], logprob=-3.5483642), TopLogprob(token='Option', bytes=[79, 112, 116, 105, 111, 110], logprob=-4.392259)])]"
12,nonIC,Justin carpools with the cousins of the accountant who ___ .,"1) is, 2) are","1) are, 2) is","Sentence: Justin carpools with the cousins of the accountant who ___ . Options: 1) is, 2) are. Answer: ","Sentence: Justin carpools with the cousins of the accountant who ___ . Options: 1) are, 2) is. Answer: ","1) is, 2) are",Answer: 1) is,"[ChatCompletionTokenLogprob(token='Answer', bytes=[65, 110, 115, 119, 101, 114], logprob=-0.8669411, top_logprobs=[TopLogprob(token='Answer', bytes=[65, 110, 115, 119, 101, 114], logprob=-0.8669411), TopLogprob(token='1', bytes=[49], logprob=-1.1854302), TopLogprob(token='The', bytes=[84, 104, 101], logprob=-1.4327923), TopLogprob(token='Option', bytes=[79, 112, 116, 105, 111, 110], logprob=-4.05236), TopLogprob(token='2', bytes=[50], logprob=-4.178016)]), ChatCompletionTokenLogprob(token=':', bytes=[58], logprob=-1.3306016e-05, top_logprobs=[TopLogprob(token=':', bytes=[58], logprob=-1.3306016e-05), TopLogprob(token=' ', bytes=[32], logprob=-11.345884), TopLogprob(token=' is', bytes=[32, 105, 115], logprob=-14.224667), TopLogprob(token=' :', bytes=[32, 58], logprob=-14.705183), TopLogprob(token=':\n', bytes=[58, 10], logprob=-16.123535)]), ChatCompletionTokenLogprob(token=' ', bytes=[32], logprob=-0.001155105, top_logprobs=[TopLogprob(token=' ', bytes=[32], logprob=-0.001155105), TopLogprob(token=' \n\n', bytes=[32, 10, 10], logprob=-7.2007113), TopLogprob(token=' \n', bytes=[32, 10], logprob=-8.451131), TopLogprob(token=' Option', bytes=[32, 79, 112, 116, 105, 111, 110], logprob=-9.89157), TopLogprob(token='  \n', bytes=[32, 32, 10], logprob=-10.249494)]), ChatCompletionTokenLogprob(token='1', bytes=[49], logprob=-0.0071006054, top_logprobs=[TopLogprob(token='1', bytes=[49], logprob=-0.0071006054), TopLogprob(token='2', bytes=[50], logprob=-4.99324), TopLogprob(token=' ', bytes=[32], logprob=-8.148581), TopLogprob(token=' **', bytes=[32, 42, 42], logprob=-13.835871), TopLogprob(token=' is', bytes=[32, 105, 115], logprob=-14.697588)]), ChatCompletionTokenLogprob(token=')', bytes=[41], logprob=-0.019399881, top_logprobs=[TopLogprob(token=')', bytes=[41], logprob=-0.019399881), TopLogprob(token='<|end|>', bytes=None, logprob=-4.043232), TopLogprob(token=' (', bytes=[32, 40], logprob=-7.05464), TopLogprob(token='.', bytes=[46], logprob=-7.2794123), TopLogprob(token=' -', bytes=[32, 45], logprob=-9.938571)]), ChatCompletionTokenLogprob(token=' is', bytes=[32, 105, 115], logprob=-7.851042e-05, top_logprobs=[TopLogprob(token=' is', bytes=[32, 105, 115], logprob=-7.851042e-05), TopLogprob(token=' Justin', bytes=[32, 74, 117, 115, 116, 105, 110], logprob=-10.262367), TopLogprob(token=' ""', bytes=[32, 34], logprob=-10.457352), TopLogprob(token=' Is', bytes=[32, 73, 115], logprob=-11.615183), TopLogprob(token=' ', bytes=[32], logprob=-12.67403)])]"
13,IC,Emily blamed the nieces of the florist who ___ .,"1) has, 2) have","1) have, 2) has","Sentence: Emily blamed the nieces of the florist who ___ . Options: 1) has, 2) have. Answer: ","Sentence: Emily blamed the nieces of the florist who ___ . Options: 1) have, 2) has. Answer: ","1) have, 2) has",1,"[ChatCompletionTokenLogprob(token='1', bytes=[49], logprob=-0.7233896, top_logprobs=[TopLogprob(token='1', bytes=[49], logprob=-0.7233896), TopLogprob(token='Option', bytes=[79, 112, 116, 105, 111, 110], logprob=-1.8111029), TopLogprob(token='The', bytes=[84, 104, 101], logprob=-1.8367224), TopLogprob(token='Answer', bytes=[65, 110, 115, 119, 101, 114], logprob=-2.2738829), TopLogprob(token='2', bytes=[50], logprob=-2.5509214)])]"
13,nonIC,Emily waited with the nieces of the florist who ___ .,"1) has, 2) have","1) have, 2) has","Sentence: Emily waited with the nieces of the florist who ___ . Options: 1) has, 2) have. Answer: ","Sentence: Emily waited with the nieces of the florist who ___ . Options: 1) have, 2) has. Answer: ","1) has, 2) have",1,"[ChatCompletionTokenLogprob(token='1', bytes=[49], logprob=-0.7412518, top_logprobs=[TopLogprob(token='1', bytes=[49], logprob=-0.7412518), TopLogprob(token='The', bytes=[84, 104, 101], logprob=-1.7664136), TopLogprob(token='2', bytes=[50], logprob=-1.8867787), TopLogprob(token='Answer', bytes=[65, 110, 115, 119, 101, 114], logprob=-2.1502638), TopLogprob(token='Option', bytes=[79, 112, 116, 105, 111, 110], logprob=-2.7675905)])]"
14,IC,Joe helped the brothers of the athlete who ___ .,"1) is, 2) are","1) are, 2) is","Sentence: Joe helped the brothers of the athlete who ___ . Options: 1) is, 2) are. Answer: ","Sentence: Joe helped the brothers of the athlete who ___ . Options: 1) are, 2) is. Answer: ","1) is, 2) are",Answer: 1,"[ChatCompletionTokenLogprob(token='Answer', bytes=[65, 110, 115, 119, 101, 114], logprob=-0.7757501, top_logprobs=[TopLogprob(token='Answer', bytes=[65, 110, 115, 119, 101, 114], logprob=-0.7757501), TopLogprob(token='1', bytes=[49], logprob=-0.8392572), TopLogprob(token='2', bytes=[50], logprob=-2.8491106), TopLogprob(token='The', bytes=[84, 104, 101], logprob=-3.5218477), TopLogprob(token='Option', bytes=[79, 112, 116, 105, 111, 110], logprob=-4.0060835)]), ChatCompletionTokenLogprob(token=':', bytes=[58], logprob=-7.9418505e-06, top_logprobs=[TopLogprob(token=':', bytes=[58], logprob=-7.9418505e-06), TopLogprob(token=' ', bytes=[32], logprob=-11.875643), TopLogprob(token=' is', bytes=[32, 105, 115], logprob=-14.519625), TopLogprob(token=' :', bytes=[32, 58], logprob=-15.027868), TopLogprob(token=':\n', bytes=[58, 10], logprob=-16.750439)]), ChatCompletionTokenLogprob(token=' ', bytes=[32], logprob=-0.0006682367, top_logprobs=[TopLogprob(token=' ', bytes=[32], logprob=-0.0006682367), TopLogprob(token=' \n\n', bytes=[32, 10, 10], logprob=-7.7226834), TopLogprob(token=' \n', bytes=[32, 10], logprob=-9.349454), TopLogprob(token=' Option', bytes=[32, 79, 112, 116, 105, 111, 110], logprob=-10.299399), TopLogprob(token=' **', bytes=[32, 42, 42], logprob=-10.591189)]), ChatCompletionTokenLogprob(token='1', bytes=[49], logprob=-0.047717493, top_logprobs=[TopLogprob(token='1', bytes=[49], logprob=-0.047717493), TopLogprob(token='2', bytes=[50], logprob=-3.0710578), TopLogprob(token=' ', bytes=[32], logprob=-8.424268), TopLogprob(token=' is', bytes=[32, 105, 115], logprob=-13.742129), TopLogprob(token=' ""', bytes=[32, 34], logprob=-13.841069)])]"
14,nonIC,Joe ran into the brothers of the athlete who ___ .,"1) is, 2) are","1) are, 2) is","Sentence: Joe ran into the brothers of the athlete who ___ . Options: 1) is, 2) are. Answer: ","Sentence: Joe ran into the brothers of the athlete who ___ . Options: 1) are, 2) is. Answer: ","1) are, 2) is",Answer: 1,"[ChatCompletionTokenLogprob(token='Answer', bytes=[65, 110, 115, 119, 101, 114], logprob=-1.0353868, top_logprobs=[TopLogprob(token='Answer', bytes=[65, 110, 115, 119, 101, 114], logprob=-1.0353868), TopLogprob(token='1', bytes=[49], logprob=-1.3902776), TopLogprob(token='The', bytes=[84, 104, 101], logprob=-1.6291444), TopLogprob(token='2', bytes=[50], logprob=-1.7959325), TopLogprob(token='Option', bytes=[79, 112, 116, 105, 111, 110], logprob=-3.5597093)]), ChatCompletionTokenLogprob(token=':', bytes=[58], logprob=-8.89548e-06, top_logprobs=[TopLogprob(token=':', bytes=[58], logprob=-8.89548e-06), TopLogprob(token=' ', bytes=[32], logprob=-11.791621), TopLogprob(token=' is', bytes=[32, 105, 115], logprob=-13.992284), TopLogprob(token=' :', bytes=[32, 58], logprob=-15.120593), TopLogprob(token=':\n', bytes=[58, 10], logprob=-17.028357)]), ChatCompletionTokenLogprob(token=' ', bytes=[32], logprob=-0.000582819, top_logprobs=[TopLogprob(token=' ', bytes=[32], logprob=-0.000582819), TopLogprob(token=' \n\n', bytes=[32, 10, 10], logprob=-7.81483), TopLogprob(token=' \n', bytes=[32, 10], logprob=-9.6273775), TopLogprob(token=' Option', bytes=[32, 79, 112, 116, 105, 111, 110], logprob=-10.360368), TopLogprob(token=' **', bytes=[32, 42, 42], logprob=-11.019509)]), ChatCompletionTokenLogprob(token='1', bytes=[49], logprob=-0.015382608, top_logprobs=[TopLogprob(token='1', bytes=[49], logprob=-0.015382608), TopLogprob(token='2', bytes=[50], logprob=-4.190605), TopLogprob(token=' ', bytes=[32], logprob=-8.980398), TopLogprob(token=' **', bytes=[32, 42, 42], logprob=-14.826492), TopLogprob(token='3', bytes=[51], logprob=-15.559785)])]"
15,IC,Jessica reproached the doctors of the supermodel who ___ .,"1) was, 2) were","1) were, 2) was","Sentence: Jessica reproached the doctors of the supermodel who ___ . Options: 1) was, 2) were. Answer: ","Sentence: Jessica reproached the doctors of the supermodel who ___ . Options: 1) were, 2) was. Answer: ","1) were, 2) was",Answer: 1) were,"[ChatCompletionTokenLogprob(token='Answer', bytes=[65, 110, 115, 119, 101, 114], logprob=-1.0600383, top_logprobs=[TopLogprob(token='Answer', bytes=[65, 110, 115, 119, 101, 114], logprob=-1.0600383), TopLogprob(token='1', bytes=[49], logprob=-1.1844318), TopLogprob(token='The', bytes=[84, 104, 101], logprob=-1.671973), TopLogprob(token='Option', bytes=[79, 112, 116, 105, 111, 110], logprob=-2.374007), TopLogprob(token='2', bytes=[50], logprob=-2.8118846)]), ChatCompletionTokenLogprob(token=':', bytes=[58], logprob=-1.5213274e-05, top_logprobs=[TopLogprob(token=':', bytes=[58], logprob=-1.5213274e-05), TopLogprob(token=' ', bytes=[32], logprob=-11.205), TopLogprob(token=' is', bytes=[32, 105, 115], logprob=-14.066692), TopLogprob(token=' :', bytes=[32, 58], logprob=-14.843046), TopLogprob(token=':\n', bytes=[58, 10], logprob=-16.145157)]), ChatCompletionTokenLogprob(token=' ', bytes=[32], logprob=-0.00066156493, top_logprobs=[TopLogprob(token=' ', bytes=[32], logprob=-0.00066156493), TopLogprob(token=' \n\n', bytes=[32, 10, 10], logprob=-7.8722415), TopLogprob(token=' \n', bytes=[32, 10], logprob=-9.082413), TopLogprob(token=' Option', bytes=[32, 79, 112, 116, 105, 111, 110], logprob=-10.325718), TopLogprob(token=' **', bytes=[32, 42, 42], logprob=-10.473576)]), ChatCompletionTokenLogprob(token='1', bytes=[49], logprob=-0.0076085166, top_logprobs=[TopLogprob(token='1', bytes=[49], logprob=-0.0076085166), TopLogprob(token='2', bytes=[50], logprob=-4.9169064), TopLogprob(token=' ', bytes=[32], logprob=-8.272703), TopLogprob(token=' **', bytes=[32, 42, 42], logprob=-13.433414), TopLogprob(token=' ""', bytes=[32, 34], logprob=-15.450805)]), ChatCompletionTokenLogprob(token=')', bytes=[41], logprob=-0.033314258, top_logprobs=[TopLogprob(token=')', bytes=[41], logprob=-0.033314258), TopLogprob(token='<|end|>', bytes=None, logprob=-3.515389), TopLogprob(token=' (', bytes=[32, 40], logprob=-6.472302), TopLogprob(token='.', bytes=[46], logprob=-6.6810803), TopLogprob(token=' -', bytes=[32, 45], logprob=-9.119027)]), ChatCompletionTokenLogprob(token=' were', bytes=[32, 119, 101, 114, 101], logprob=-0.00027051452, top_logprobs=[TopLogprob(token=' were', bytes=[32, 119, 101, 114, 101], logprob=-0.00027051452), TopLogprob(token=' ""', bytes=[32, 34], logprob=-9.4309025), TopLogprob(token=' Were', bytes=[32, 87, 101, 114, 101], logprob=-9.512356), TopLogprob(token=' Jessica', bytes=[32, 74, 101, 115, 115, 105, 99, 97], logprob=-10.12018), TopLogprob(token=' was', bytes=[32, 119, 97, 115], logprob=-10.2080345)])]"
15,nonIC,Jessica worked with the doctors of the supermodel who ___ .,"1) was, 2) were","1) were, 2) was","Sentence: Jessica worked with the doctors of the supermodel who ___ . Options: 1) was, 2) were. Answer: ","Sentence: Jessica worked with the doctors of the supermodel who ___ . Options: 1) were, 2) was. Answer: ","1) was, 2) were",Answer: 1) was,"[ChatCompletionTokenLogprob(token='Answer', bytes=[65, 110, 115, 119, 101, 114], logprob=-0.47146317, top_logprobs=[TopLogprob(token='Answer', bytes=[65, 110, 115, 119, 101, 114], logprob=-0.47146317), TopLogprob(token='The', bytes=[84, 104, 101], logprob=-1.7041903), TopLogprob(token='1', bytes=[49], logprob=-1.9820089), TopLogprob(token='Option', bytes=[79, 112, 116, 105, 111, 110], logprob=-3.0935278), TopLogprob(token='2', bytes=[50], logprob=-4.954858)]), ChatCompletionTokenLogprob(token=':', bytes=[58], logprob=-7.107425e-06, top_logprobs=[TopLogprob(token=':', bytes=[58], logprob=-7.107425e-06), TopLogprob(token=' ', bytes=[32], logprob=-12.035226), TopLogprob(token=' is', bytes=[32, 105, 115], logprob=-14.423806), TopLogprob(token=' :', bytes=[32, 58], logprob=-14.947448), TopLogprob(token=':\n', bytes=[58, 10], logprob=-16.196495)]), ChatCompletionTokenLogprob(token=' ', bytes=[32], logprob=-0.00033844227, top_logprobs=[TopLogprob(token=' ', bytes=[32], logprob=-0.00033844227), TopLogprob(token=' \n\n', bytes=[32, 10, 10], logprob=-8.518653), TopLogprob(token=' Option', bytes=[32, 79, 112, 116, 105, 111, 110], logprob=-10.343461), TopLogprob(token=' \n', bytes=[32, 10], logprob=-10.435193), TopLogprob(token=' **', bytes=[32, 42, 42], logprob=-10.816274)]), ChatCompletionTokenLogprob(token='1', bytes=[49], logprob=-0.002242916, top_logprobs=[TopLogprob(token='1', bytes=[49], logprob=-0.002242916), TopLogprob(token='2', bytes=[50], logprob=-6.213707), TopLogprob(token=' ', bytes=[32], logprob=-8.354521), TopLogprob(token=' **', bytes=[32, 42, 42], logprob=-13.3474865), TopLogprob(token=' ""', bytes=[32, 34], logprob=-14.825319)]), ChatCompletionTokenLogprob(token=')', bytes=[41], logprob=-0.076871395, top_logprobs=[TopLogprob(token=')', bytes=[41], logprob=-0.076871395), TopLogprob(token='<|end|>', bytes=None, logprob=-2.6792102), TopLogprob(token='.', bytes=[46], logprob=-5.8784633), TopLogprob(token=' (', bytes=[32, 40], logprob=-6.093099), TopLogprob(token=' -', bytes=[32, 45], logprob=-8.867558)]), ChatCompletionTokenLogprob(token=' was', bytes=[32, 119, 97, 115], logprob=-0.00026872646, top_logprobs=[TopLogprob(token=' was', bytes=[32, 119, 97, 115], logprob=-0.00026872646), TopLogprob(token=' ', bytes=[32], logprob=-9.302311), TopLogprob(token=' Jessica', bytes=[32, 74, 101, 115, 115, 105, 99, 97], logprob=-9.349781), TopLogprob(token=' ""', bytes=[32, 34], logprob=-9.516315), TopLogprob(token='was', bytes=[119, 97, 115], logprob=-12.323853)])]"
16,IC,Brian pacified the associates of the businessman who ___ .,"1) was, 2) were","1) were, 2) was","Sentence: Brian pacified the associates of the businessman who ___ . Options: 1) was, 2) were. Answer: ","Sentence: Brian pacified the associates of the businessman who ___ . Options: 1) were, 2) was. Answer: ","1) were, 2) was",1,"[ChatCompletionTokenLogprob(token='1', bytes=[49], logprob=-0.9900595, top_logprobs=[TopLogprob(token='1', bytes=[49], logprob=-0.9900595), TopLogprob(token='Answer', bytes=[65, 110, 115, 119, 101, 114], logprob=-1.3698508), TopLogprob(token='The', bytes=[84, 104, 101], logprob=-1.5840861), TopLogprob(token='Option', bytes=[79, 112, 116, 105, 111, 110], logprob=-1.8903395), TopLogprob(token='2', bytes=[50], logprob=-4.376469)])]"
16,nonIC,Brian visited the associates of the businessman who ___ .,"1) was, 2) were","1) were, 2) was","Sentence: Brian visited the associates of the businessman who ___ . Options: 1) was, 2) were. Answer: ","Sentence: Brian visited the associates of the businessman who ___ . Options: 1) were, 2) was. Answer: ","1) were, 2) was",1,"[ChatCompletionTokenLogprob(token='1', bytes=[49], logprob=-1.0724663, top_logprobs=[TopLogprob(token='1', bytes=[49], logprob=-1.0724663), TopLogprob(token='The', bytes=[84, 104, 101], logprob=-1.1826938), TopLogprob(token='Option', bytes=[79, 112, 116, 105, 111, 110], logprob=-1.8172058), TopLogprob(token='Answer', bytes=[65, 110, 115, 119, 101, 114], logprob=-1.9574436), TopLogprob(token='2', bytes=[50], logprob=-3.1308866)])]"
17,IC,Melissa detests the children of the musician who ___ .,"1) is, 2) are","1) are, 2) is","Sentence: Melissa detests the children of the musician who ___ . Options: 1) is, 2) are. Answer: ","Sentence: Melissa detests the children of the musician who ___ . Options: 1) are, 2) is. Answer: ","1) are, 2) is",The correct answer is 1) are.,"[ChatCompletionTokenLogprob(token='The', bytes=[84, 104, 101], logprob=-0.83273697, top_logprobs=[TopLogprob(token='The', bytes=[84, 104, 101], logprob=-0.83273697), TopLogprob(token='1', bytes=[49], logprob=-1.2509975), TopLogprob(token='Option', bytes=[79, 112, 116, 105, 111, 110], logprob=-2.0937672), TopLogprob(token='Answer', bytes=[65, 110, 115, 119, 101, 114], logprob=-2.4610271), TopLogprob(token='2', bytes=[50], logprob=-2.791565)]), ChatCompletionTokenLogprob(token=' correct', bytes=[32, 99, 111, 114, 114, 101, 99, 116], logprob=-0.007858704, top_logprobs=[TopLogprob(token=' correct', bytes=[32, 99, 111, 114, 114, 101, 99, 116], logprob=-0.007858704), TopLogprob(token=' answer', bytes=[32, 97, 110, 115, 119, 101, 114], logprob=-5.348313), TopLogprob(token=' best', bytes=[32, 98, 101, 115, 116], logprob=-5.892964), TopLogprob(token=' sentence', bytes=[32, 115, 101, 110, 116, 101, 110, 99, 101], logprob=-8.234463), TopLogprob(token=' most', bytes=[32, 109, 111, 115, 116], logprob=-11.219271)]), ChatCompletionTokenLogprob(token=' answer', bytes=[32, 97, 110, 115, 119, 101, 114], logprob=-0.026699547, top_logprobs=[TopLogprob(token=' answer', bytes=[32, 97, 110, 115, 119, 101, 114], logprob=-0.026699547), TopLogprob(token=' option', bytes=[32, 111, 112, 116, 105, 111, 110], logprob=-3.661469), TopLogprob(token=' response', bytes=[32, 114, 101, 115, 112, 111, 110, 115, 101], logprob=-8.126435), TopLogprob(token=' choice', bytes=[32, 99, 104, 111, 105, 99, 101], logprob=-8.413558), TopLogprob(token=' Answer', bytes=[32, 65, 110, 115, 119, 101, 114], logprob=-9.231528)]), ChatCompletionTokenLogprob(token=' is', bytes=[32, 105, 115], logprob=-0.0015249758, top_logprobs=[TopLogprob(token=' is', bytes=[32, 105, 115], logprob=-0.0015249758), TopLogprob(token=' would', bytes=[32, 119, 111, 117, 108, 100], logprob=-7.112197), TopLogprob(token=' in', bytes=[32, 105, 110], logprob=-8.042027), TopLogprob(token=' to', bytes=[32, 116, 111], logprob=-8.832875), TopLogprob(token=' for', bytes=[32, 102, 111, 114], logprob=-9.243394)]), ChatCompletionTokenLogprob(token=' ', bytes=[32], logprob=-0.12682982, top_logprobs=[TopLogprob(token=' ', bytes=[32], logprob=-0.12682982), TopLogprob(token=':', bytes=[58], logprob=-2.2462165), TopLogprob(token=' ""', bytes=[32, 34], logprob=-5.364054), TopLogprob(token=' option', bytes=[32, 111, 112, 116, 105, 111, 110], logprob=-5.6873536), TopLogprob(token=' **', bytes=[32, 42, 42], logprob=-5.9707303)]), ChatCompletionTokenLogprob(token='1', bytes=[49], logprob=-0.021218333, top_logprobs=[TopLogprob(token='1', bytes=[49], logprob=-0.021218333), TopLogprob(token='2', bytes=[50], logprob=-3.865981), TopLogprob(token=' ', bytes=[32], logprob=-10.169568), TopLogprob(token=' **', bytes=[32, 42, 42], logprob=-11.60608), TopLogprob(token=' ""', bytes=[32, 34], logprob=-13.121909)]), ChatCompletionTokenLogprob(token=')', bytes=[41], logprob=-6.968935e-05, top_logprobs=[TopLogprob(token=')', bytes=[41], logprob=-6.968935e-05), TopLogprob(token='.', bytes=[46], logprob=-9.852925), TopLogprob(token=':', bytes=[58], logprob=-12.118548), TopLogprob(token='),', bytes=[41, 44], logprob=-12.87234), TopLogprob(token=',', bytes=[44], logprob=-13.135476)]), ChatCompletionTokenLogprob(token=' are', bytes=[32, 97, 114, 101], logprob=-0.0023902794, top_logprobs=[TopLogprob(token=' are', bytes=[32, 97, 114, 101], logprob=-0.0023902794), TopLogprob(token=' ""', bytes=[32, 34], logprob=-6.383181), TopLogprob(token=' Melissa', bytes=[32, 77, 101, 108, 105, 115, 115, 97], logprob=-7.807818), TopLogprob(token=' is', bytes=[32, 105, 115], logprob=-8.591953), TopLogprob(token=' ', bytes=[32], logprob=-10.221863)]), ChatCompletionTokenLogprob(token='.', bytes=[46], logprob=-0.002367682, top_logprobs=[TopLogprob(token='.', bytes=[46], logprob=-0.002367682), TopLogprob(token='.\n\n', bytes=[46, 10, 10], logprob=-7.088284), TopLogprob(token='<|end|>', bytes=None, logprob=-7.2058816), TopLogprob(token='.\n', bytes=[46, 10], logprob=-7.52414), TopLogprob(token=',', bytes=[44], logprob=-8.968187)])]"
17,nonIC,Melissa babysits the children of the musician who ___ .,"1) is, 2) are","1) are, 2) is","Sentence: Melissa babysits the children of the musician who ___ . Options: 1) is, 2) are. Answer: ","Sentence: Melissa babysits the children of the musician who ___ . Options: 1) are, 2) is. Answer: ","1) are, 2) is",2,"[ChatCompletionTokenLogprob(token='2', bytes=[50], logprob=-1.0952365, top_logprobs=[TopLogprob(token='2', bytes=[50], logprob=-1.0952365), TopLogprob(token='1', bytes=[49], logprob=-1.2492626), TopLogprob(token='The', bytes=[84, 104, 101], logprob=-1.384259), TopLogprob(token='Answer', bytes=[65, 110, 115, 119, 101, 114], logprob=-2.301154), TopLogprob(token='Option', bytes=[79, 112, 116, 105, 111, 110], logprob=-3.8861187)])]"
18,IC,Frank thanked the servants of the dictator who ___ .,"1) is, 2) are","1) are, 2) is","Sentence: Frank thanked the servants of the dictator who ___ . Options: 1) is, 2) are. Answer: ","Sentence: Frank thanked the servants of the dictator who ___ . Options: 1) are, 2) is. Answer: ","1) is, 2) are",Answer: 2) are,"[ChatCompletionTokenLogprob(token='Answer', bytes=[65, 110, 115, 119, 101, 114], logprob=-0.9499471, top_logprobs=[TopLogprob(token='Answer', bytes=[65, 110, 115, 119, 101, 114], logprob=-0.9499471), TopLogprob(token='The', bytes=[84, 104, 101], logprob=-1.2100008), TopLogprob(token='Option', bytes=[79, 112, 116, 105, 111, 110], logprob=-2.2379377), TopLogprob(token='1', bytes=[49], logprob=-2.518871), TopLogprob(token='2', bytes=[50], logprob=-2.7462728)]), ChatCompletionTokenLogprob(token=':', bytes=[58], logprob=-1.0445127e-05, top_logprobs=[TopLogprob(token=':', bytes=[58], logprob=-1.0445127e-05), TopLogprob(token=' ', bytes=[32], logprob=-11.635877), TopLogprob(token=' is', bytes=[32, 105, 115], logprob=-13.928363), TopLogprob(token=' :', bytes=[32, 58], logprob=-14.982234), TopLogprob(token=':\n', bytes=[58, 10], logprob=-16.243437)]), ChatCompletionTokenLogprob(token=' ', bytes=[32], logprob=-0.0009691068, top_logprobs=[TopLogprob(token=' ', bytes=[32], logprob=-0.0009691068), TopLogprob(token=' \n\n', bytes=[32, 10, 10], logprob=-7.361685), TopLogprob(token=' \n', bytes=[32, 10], logprob=-9.139853), TopLogprob(token=' Option', bytes=[32, 79, 112, 116, 105, 111, 110], logprob=-9.73601), TopLogprob(token=' **', bytes=[32, 42, 42], logprob=-10.093021)]), ChatCompletionTokenLogprob(token='2', bytes=[50], logprob=-0.086167194, top_logprobs=[TopLogprob(token='2', bytes=[50], logprob=-0.086167194), TopLogprob(token='1', bytes=[49], logprob=-2.498469), TopLogprob(token=' ', bytes=[32], logprob=-8.02188), TopLogprob(token=' is', bytes=[32, 105, 115], logprob=-12.129407), TopLogprob(token='3', bytes=[51], logprob=-12.352359)]), ChatCompletionTokenLogprob(token=')', bytes=[41], logprob=-0.3060699, top_logprobs=[TopLogprob(token=')', bytes=[41], logprob=-0.3060699), TopLogprob(token='<|end|>', bytes=None, logprob=-1.7760081), TopLogprob(token=' (', bytes=[32, 40], logprob=-2.4435458), TopLogprob(token='.', bytes=[46], logprob=-5.041349), TopLogprob(token=' -', bytes=[32, 45], logprob=-7.6276937)]), ChatCompletionTokenLogprob(token=' are', bytes=[32, 97, 114, 101], logprob=-0.000112960275, top_logprobs=[TopLogprob(token=' are', bytes=[32, 97, 114, 101], logprob=-0.000112960275), TopLogprob(token=' ""', bytes=[32, 34], logprob=-9.920578), TopLogprob(token=' Frank', bytes=[32, 70, 114, 97, 110, 107], logprob=-10.6659565), TopLogprob(token=' ', bytes=[32], logprob=-10.969799), TopLogprob(token='are', bytes=[97, 114, 101], logprob=-11.515566)])]"
18,nonIC,Frank talked to the servants of the dictator who ___ .,"1) is, 2) are","1) are, 2) is","Sentence: Frank talked to the servants of the dictator who ___ . Options: 1) is, 2) are. Answer: ","Sentence: Frank talked to the servants of the dictator who ___ . Options: 1) are, 2) is. Answer: ","1) is, 2) are",Answer: 1) is,"[ChatCompletionTokenLogprob(token='Answer', bytes=[65, 110, 115, 119, 101, 114], logprob=-0.8128091, top_logprobs=[TopLogprob(token='Answer', bytes=[65, 110, 115, 119, 101, 114], logprob=-0.8128091), TopLogprob(token='The', bytes=[84, 104, 101], logprob=-1.3756334), TopLogprob(token='1', bytes=[49], logprob=-1.5138799), TopLogprob(token='Option', bytes=[79, 112, 116, 105, 111, 110], logprob=-3.172243), TopLogprob(token='2', bytes=[50], logprob=-3.6677685)]), ChatCompletionTokenLogprob(token=':', bytes=[58], logprob=-1.378283e-05, top_logprobs=[TopLogprob(token=':', bytes=[58], logprob=-1.378283e-05), TopLogprob(token=' ', bytes=[32], logprob=-11.315685), TopLogprob(token=' is', bytes=[32, 105, 115], logprob=-14.043802), TopLogprob(token=' :', bytes=[32, 58], logprob=-14.832895), TopLogprob(token=' option', bytes=[32, 111, 112, 116, 105, 111, 110], logprob=-16.350777)]), ChatCompletionTokenLogprob(token=' ', bytes=[32], logprob=-0.00076734077, top_logprobs=[TopLogprob(token=' ', bytes=[32], logprob=-0.00076734077), TopLogprob(token=' \n\n', bytes=[32, 10, 10], logprob=-7.6507897), TopLogprob(token=' \n', bytes=[32, 10], logprob=-9.1946), TopLogprob(token=' Option', bytes=[32, 79, 112, 116, 105, 111, 110], logprob=-9.663886), TopLogprob(token=' **', bytes=[32, 42, 42], logprob=-10.254024)]), ChatCompletionTokenLogprob(token='1', bytes=[49], logprob=-0.012947263, top_logprobs=[TopLogprob(token='1', bytes=[49], logprob=-0.012947263), TopLogprob(token='2', bytes=[50], logprob=-4.364298), TopLogprob(token=' ', bytes=[32], logprob=-8.909653), TopLogprob(token=' is', bytes=[32, 105, 115], logprob=-13.028057), TopLogprob(token=' **', bytes=[32, 42, 42], logprob=-14.275106)]), ChatCompletionTokenLogprob(token=')', bytes=[41], logprob=-0.46430388, top_logprobs=[TopLogprob(token=')', bytes=[41], logprob=-0.46430388), TopLogprob(token='<|end|>', bytes=None, logprob=-1.0233306), TopLogprob(token='.', bytes=[46], logprob=-4.8745995), TopLogprob(token=' (', bytes=[32, 40], logprob=-5.6740446), TopLogprob(token=' -', bytes=[32, 45], logprob=-7.5772276)]), ChatCompletionTokenLogprob(token=' is', bytes=[32, 105, 115], logprob=-0.0001071193, top_logprobs=[TopLogprob(token=' is', bytes=[32, 105, 115], logprob=-0.0001071193), TopLogprob(token=' Frank', bytes=[32, 70, 114, 97, 110, 107], logprob=-9.695322), TopLogprob(token=' ""', bytes=[32, 34], logprob=-10.302847), TopLogprob(token=' Is', bytes=[32, 73, 115], logprob=-12.127823), TopLogprob(token=' ', bytes=[32], logprob=-12.729813)])]"
19,IC,Tracy congratulated the bodyguards of the celebrity who ___ .,"1) was, 2) were","1) were, 2) was","Sentence: Tracy congratulated the bodyguards of the celebrity who ___ . Options: 1) was, 2) were. Answer: ","Sentence: Tracy congratulated the bodyguards of the celebrity who ___ . Options: 1) were, 2) was. Answer: ","1) was, 2) were",1,"[ChatCompletionTokenLogprob(token='1', bytes=[49], logprob=-0.87407196, top_logprobs=[TopLogprob(token='1', bytes=[49], logprob=-0.87407196), TopLogprob(token='The', bytes=[84, 104, 101], logprob=-1.5482987), TopLogprob(token='Answer', bytes=[65, 110, 115, 119, 101, 114], logprob=-1.5940198), TopLogprob(token='2', bytes=[50], logprob=-2.3006372), TopLogprob(token='Option', bytes=[79, 112, 116, 105, 111, 110], logprob=-2.852128)])]"
19,nonIC,Tracy chatted with the bodyguards of the celebrity who ___ .,"1) was, 2) were","1) were, 2) was","Sentence: Tracy chatted with the bodyguards of the celebrity who ___ . Options: 1) was, 2) were. Answer: ","Sentence: Tracy chatted with the bodyguards of the celebrity who ___ . Options: 1) were, 2) was. Answer: ","1) was, 2) were",1,"[ChatCompletionTokenLogprob(token='1', bytes=[49], logprob=-0.5978452, top_logprobs=[TopLogprob(token='1', bytes=[49], logprob=-0.5978452), TopLogprob(token='Answer', bytes=[65, 110, 115, 119, 101, 114], logprob=-1.0866262), TopLogprob(token='2', bytes=[50], logprob=-2.963457), TopLogprob(token='The', bytes=[84, 104, 101], logprob=-3.4686966), TopLogprob(token='Option', bytes=[79, 112, 116, 105, 111, 110], logprob=-3.7046356)])]"
20,IC,Kevin mocked the fans of the singer who ___ .,"1) was, 2) were","1) were, 2) was","Sentence: Kevin mocked the fans of the singer who ___ . Options: 1) was, 2) were. Answer: ","Sentence: Kevin mocked the fans of the singer who ___ . Options: 1) were, 2) was. Answer: ","1) were, 2) was",1,"[ChatCompletionTokenLogprob(token='1', bytes=[49], logprob=-0.8019076, top_logprobs=[TopLogprob(token='1', bytes=[49], logprob=-0.8019076), TopLogprob(token='Answer', bytes=[65, 110, 115, 119, 101, 114], logprob=-1.5844908), TopLogprob(token='The', bytes=[84, 104, 101], logprob=-1.729106), TopLogprob(token='Option', bytes=[79, 112, 116, 105, 111, 110], logprob=-1.9302206), TopLogprob(token='2', bytes=[50], logprob=-4.1057234)])]"
20,nonIC,Kevin counted the fans of the singer who ___ .,"1) was, 2) were","1) were, 2) was","Sentence: Kevin counted the fans of the singer who ___ . Options: 1) was, 2) were. Answer: ","Sentence: Kevin counted the fans of the singer who ___ . Options: 1) were, 2) was. Answer: ","1) were, 2) was",1,"[ChatCompletionTokenLogprob(token='1', bytes=[49], logprob=-0.70149845, top_logprobs=[TopLogprob(token='1', bytes=[49], logprob=-0.70149845), TopLogprob(token='Answer', bytes=[65, 110, 115, 119, 101, 114], logprob=-1.6488423), TopLogprob(token='The', bytes=[84, 104, 101], logprob=-1.8828912), TopLogprob(token='Option', bytes=[79, 112, 116, 105, 111, 110], logprob=-2.3640409), TopLogprob(token='2', bytes=[50], logprob=-3.3675523)])]"
