sent_id,item_id,verb,sentence_type,np_order,target,option,alt_option,prompt,alt_prompt,answer_option,answer,raw_probs
1,1,scold,IC,high_sg,Anna scolded the chef of the aristocrats who ___ .,"1) was, 2) were","1) were, 2) was","Sentence: Anna scolded the chef of the aristocrats who ___ . Options: 1) was, 2) were. Answer: ","Sentence: Anna scolded the chef of the aristocrats who ___ . Options: 1) were, 2) was. Answer: ","1) were, 2) was",2,"[ChatCompletionTokenLogprob(token='2', bytes=[50], logprob=-0.23734179, top_logprobs=[TopLogprob(token='2', bytes=[50], logprob=-0.23734179), TopLogprob(token='1', bytes=[49], logprob=-1.5545796), TopLogprob(token='The', bytes=[84, 104, 101], logprob=-16.305346), TopLogprob(token='(', bytes=[40], logprob=-19.365673), TopLogprob(token=' ', bytes=[32], logprob=-19.746243)])]"
2,1,study,nonIC,high_sg,Anna studied with the chef of the aristocrats who ___ .,"1) was, 2) were","1) were, 2) was","Sentence: Anna studied with the chef of the aristocrats who ___ . Options: 1) was, 2) were. Answer: ","Sentence: Anna studied with the chef of the aristocrats who ___ . Options: 1) were, 2) was. Answer: ","1) were, 2) was",1,"[ChatCompletionTokenLogprob(token='1', bytes=[49], logprob=-8.061054e-06, top_logprobs=[TopLogprob(token='1', bytes=[49], logprob=-8.061054e-06), TopLogprob(token='2', bytes=[50], logprob=-11.816845), TopLogprob(token='The', bytes=[84, 104, 101], logprob=-14.666584), TopLogprob(token='Since', bytes=[83, 105, 110, 99, 101], logprob=-16.653934), TopLogprob(token='Answer', bytes=[65, 110, 115, 119, 101, 114], logprob=-17.247192)])]"
3,2,stare,IC,high_sg,John stared at the teacher of the second graders who ___ .,"1) was, 2) were","1) were, 2) was","Sentence: John stared at the teacher of the second graders who ___ . Options: 1) was, 2) were. Answer: ","Sentence: John stared at the teacher of the second graders who ___ . Options: 1) were, 2) was. Answer: ","1) were, 2) was",2,"[ChatCompletionTokenLogprob(token='2', bytes=[50], logprob=-0.3859602, top_logprobs=[TopLogprob(token='2', bytes=[50], logprob=-0.3859602), TopLogprob(token='1', bytes=[49], logprob=-1.1388022), TopLogprob(token='The', bytes=[84, 104, 101], logprob=-16.658419), TopLogprob(token='(', bytes=[40], logprob=-18.792854), TopLogprob(token='Two', bytes=[84, 119, 111], logprob=-19.648342)])]"
4,2,live,nonIC,high_sg,John lived next to the teacher of the second graders who ___ .,"1) was, 2) were","1) were, 2) was","Sentence: John lived next to the teacher of the second graders who ___ . Options: 1) was, 2) were. Answer: ","Sentence: John lived next to the teacher of the second graders who ___ . Options: 1) were, 2) was. Answer: ","1) was, 2) were",1,"[ChatCompletionTokenLogprob(token='1', bytes=[49], logprob=-1.9361265e-07, top_logprobs=[TopLogprob(token='1', bytes=[49], logprob=-1.9361265e-07), TopLogprob(token='The', bytes=[84, 104, 101], logprob=-16.255457), TopLogprob(token='2', bytes=[50], logprob=-17.189787), TopLogprob(token='Option', bytes=[79, 112, 116, 105, 111, 110], logprob=-17.886417), TopLogprob(token='Answer', bytes=[65, 110, 115, 119, 101, 114], logprob=-17.89351)])]"
5,3,assist,IC,high_sg,Jenny assisted the maid of the executives who ___ .,"1) was, 2) were","1) were, 2) was","Sentence: Jenny assisted the maid of the executives who ___ . Options: 1) was, 2) were. Answer: ","Sentence: Jenny assisted the maid of the executives who ___ . Options: 1) were, 2) was. Answer: ","1) were, 2) was",1,"[ChatCompletionTokenLogprob(token='1', bytes=[49], logprob=-1.7432603e-06, top_logprobs=[TopLogprob(token='1', bytes=[49], logprob=-1.7432603e-06), TopLogprob(token='2', bytes=[50], logprob=-13.494379), TopLogprob(token='The', bytes=[84, 104, 101], logprob=-15.294979), TopLogprob(token='Option', bytes=[79, 112, 116, 105, 111, 110], logprob=-17.68983), TopLogprob(token='Since', bytes=[83, 105, 110, 99, 101], logprob=-17.76819)])]"
6,3,joke,nonIC,high_sg,Jenny joked with the maid of the executives who ___ .,"1) was, 2) were","1) were, 2) was","Sentence: Jenny joked with the maid of the executives who ___ . Options: 1) was, 2) were. Answer: ","Sentence: Jenny joked with the maid of the executives who ___ . Options: 1) were, 2) was. Answer: ","1) were, 2) was",1,"[ChatCompletionTokenLogprob(token='1', bytes=[49], logprob=-4.9617593e-06, top_logprobs=[TopLogprob(token='1', bytes=[49], logprob=-4.9617593e-06), TopLogprob(token='2', bytes=[50], logprob=-12.249864), TopLogprob(token='The', bytes=[84, 104, 101], logprob=-15.689515), TopLogprob(token='Option', bytes=[79, 112, 116, 105, 111, 110], logprob=-18.174526), TopLogprob(token='Answer', bytes=[65, 110, 115, 119, 101, 114], logprob=-18.65742)])]"
7,4,trust,IC,high_sg,Nick trusted the captain of the sailors who ___ .,"1) has, 2) have","1) have, 2) has","Sentence: Nick trusted the captain of the sailors who ___ . Options: 1) has, 2) have. Answer: ","Sentence: Nick trusted the captain of the sailors who ___ . Options: 1) have, 2) has. Answer: ","1) have, 2) has",2,"[ChatCompletionTokenLogprob(token='2', bytes=[50], logprob=-0.0021891606, top_logprobs=[TopLogprob(token='2', bytes=[50], logprob=-0.0021891606), TopLogprob(token='1', bytes=[49], logprob=-6.1253676), TopLogprob(token='The', bytes=[84, 104, 101], logprob=-16.198307), TopLogprob(token='(', bytes=[40], logprob=-19.79572), TopLogprob(token='Answer', bytes=[65, 110, 115, 119, 101, 114], logprob=-20.012844)])]"
8,4,stand,nonIC,high_sg,Nick stood near the captain of the sailors who ___ .,"1) has, 2) have","1) have, 2) has","Sentence: Nick stood near the captain of the sailors who ___ . Options: 1) has, 2) have. Answer: ","Sentence: Nick stood near the captain of the sailors who ___ . Options: 1) have, 2) has. Answer: ","1) have, 2) has",2,"[ChatCompletionTokenLogprob(token='2', bytes=[50], logprob=-0.00021069261, top_logprobs=[TopLogprob(token='2', bytes=[50], logprob=-0.00021069261), TopLogprob(token='1', bytes=[49], logprob=-8.466718), TopLogprob(token='The', bytes=[84, 104, 101], logprob=-15.200547), TopLogprob(token='Option', bytes=[79, 112, 116, 105, 111, 110], logprob=-18.733025), TopLogprob(token='Answer', bytes=[65, 110, 115, 119, 101, 114], logprob=-18.938522)])]"
9,5,correct,IC,high_sg,Angela corrected the secretary of the lawyers who ___ .,"1) has, 2) have","1) have, 2) has","Sentence: Angela corrected the secretary of the lawyers who ___ . Options: 1) has, 2) have. Answer: ","Sentence: Angela corrected the secretary of the lawyers who ___ . Options: 1) have, 2) has. Answer: ","1) has, 2) have",2,"[ChatCompletionTokenLogprob(token='2', bytes=[50], logprob=-0.010498726, top_logprobs=[TopLogprob(token='2', bytes=[50], logprob=-0.010498726), TopLogprob(token='1', bytes=[49], logprob=-4.561768), TopLogprob(token='The', bytes=[84, 104, 101], logprob=-16.261513), TopLogprob(token='(', bytes=[40], logprob=-19.255262), TopLogprob(token=' ', bytes=[32], logprob=-19.82719)])]"
10,5,gossip,nonIC,high_sg,Angela gossiped with the secretary of the lawyers who ___ .,"1) has, 2) have","1) have, 2) has","Sentence: Angela gossiped with the secretary of the lawyers who ___ . Options: 1) has, 2) have. Answer: ","Sentence: Angela gossiped with the secretary of the lawyers who ___ . Options: 1) have, 2) has. Answer: ","1) have, 2) has",1,"[ChatCompletionTokenLogprob(token='1', bytes=[49], logprob=-0.010886524, top_logprobs=[TopLogprob(token='1', bytes=[49], logprob=-0.010886524), TopLogprob(token='2', bytes=[50], logprob=-4.5256724), TopLogprob(token='The', bytes=[84, 104, 101], logprob=-17.27782), TopLogprob(token='(', bytes=[40], logprob=-20.120983), TopLogprob(token='Option', bytes=[79, 112, 116, 105, 111, 110], logprob=-20.386887)])]"
11,6,comfort,IC,high_sg,Bob comforted the leader of the activists who ___ .,"1) was, 2) were","1) were, 2) was","Sentence: Bob comforted the leader of the activists who ___ . Options: 1) was, 2) were. Answer: ","Sentence: Bob comforted the leader of the activists who ___ . Options: 1) were, 2) was. Answer: ","1) were, 2) was",1,"[ChatCompletionTokenLogprob(token='1', bytes=[49], logprob=-0.0002540681, top_logprobs=[TopLogprob(token='1', bytes=[49], logprob=-0.0002540681), TopLogprob(token='2', bytes=[50], logprob=-8.278975), TopLogprob(token='The', bytes=[84, 104, 101], logprob=-15.724226), TopLogprob(token='Since', bytes=[83, 105, 110, 99, 101], logprob=-19.03908), TopLogprob(token='Option', bytes=[79, 112, 116, 105, 111, 110], logprob=-19.432638)])]"
12,6,greet,nonIC,high_sg,Bob greeted the leader of the activists who ___ .,"1) was, 2) were","1) were, 2) was","Sentence: Bob greeted the leader of the activists who ___ . Options: 1) was, 2) were. Answer: ","Sentence: Bob greeted the leader of the activists who ___ . Options: 1) were, 2) was. Answer: ","1) was, 2) were",1,"[ChatCompletionTokenLogprob(token='1', bytes=[49], logprob=-1.9361265e-07, top_logprobs=[TopLogprob(token='1', bytes=[49], logprob=-1.9361265e-07), TopLogprob(token='The', bytes=[84, 104, 101], logprob=-16.558289), TopLogprob(token='2', bytes=[50], logprob=-16.818508), TopLogprob(token='Option', bytes=[79, 112, 116, 105, 111, 110], logprob=-18.442959), TopLogprob(token=' ', bytes=[32], logprob=-18.595978)])]"
13,7,envy,IC,high_sg,Laura envies the manager of the cashiers who ___ .,"1) has, 2) have","1) have, 2) has","Sentence: Laura envies the manager of the cashiers who ___ . Options: 1) has, 2) have. Answer: ","Sentence: Laura envies the manager of the cashiers who ___ . Options: 1) have, 2) has. Answer: ","1) has, 2) have",1,"[ChatCompletionTokenLogprob(token='1', bytes=[49], logprob=-1.9361265e-07, top_logprobs=[TopLogprob(token='1', bytes=[49], logprob=-1.9361265e-07), TopLogprob(token='The', bytes=[84, 104, 101], logprob=-16.592571), TopLogprob(token='2', bytes=[50], logprob=-16.693016), TopLogprob(token='Option', bytes=[79, 112, 116, 105, 111, 110], logprob=-18.01144), TopLogprob(token='Answer', bytes=[65, 110, 115, 119, 101, 114], logprob=-18.864828)])]"
14,7,know,nonIC,high_sg,Laura knows the manager of the cashiers who ___ .,"1) has, 2) have","1) have, 2) has","Sentence: Laura knows the manager of the cashiers who ___ . Options: 1) has, 2) have. Answer: ","Sentence: Laura knows the manager of the cashiers who ___ . Options: 1) have, 2) has. Answer: ","1) have, 2) has",2,"[ChatCompletionTokenLogprob(token='2', bytes=[50], logprob=-0.18354675, top_logprobs=[TopLogprob(token='2', bytes=[50], logprob=-0.18354675), TopLogprob(token='1', bytes=[49], logprob=-1.7856586), TopLogprob(token='The', bytes=[84, 104, 101], logprob=-14.739676), TopLogprob(token='Since', bytes=[83, 105, 110, 99, 101], logprob=-18.53079), TopLogprob(token='(', bytes=[40], logprob=-18.709686)])]"
15,8,value,IC,high_sg,Zack valued the daughter of the shopkeepers who ___ .,"1) was, 2) were","1) were, 2) was","Sentence: Zack valued the daughter of the shopkeepers who ___ . Options: 1) was, 2) were. Answer: ","Sentence: Zack valued the daughter of the shopkeepers who ___ . Options: 1) were, 2) was. Answer: ","1) were, 2) was",1,"[ChatCompletionTokenLogprob(token='1', bytes=[49], logprob=-6.704273e-07, top_logprobs=[TopLogprob(token='1', bytes=[49], logprob=-6.704273e-07), TopLogprob(token='2', bytes=[50], logprob=-15.015933), TopLogprob(token='The', bytes=[84, 104, 101], logprob=-15.62884), TopLogprob(token='Since', bytes=[83, 105, 110, 99, 101], logprob=-16.747856), TopLogprob(token='Option', bytes=[79, 112, 116, 105, 111, 110], logprob=-17.362413)])]"
16,8,recognize,nonIC,high_sg,Zack recognized the daughter of the shopkeepers who ___ .,"1) was, 2) were","1) were, 2) was","Sentence: Zack recognized the daughter of the shopkeepers who ___ . Options: 1) was, 2) were. Answer: ","Sentence: Zack recognized the daughter of the shopkeepers who ___ . Options: 1) were, 2) was. Answer: ","1) was, 2) were",2,"[ChatCompletionTokenLogprob(token='2', bytes=[50], logprob=-1.2829201e-05, top_logprobs=[TopLogprob(token='2', bytes=[50], logprob=-1.2829201e-05), TopLogprob(token='1', bytes=[49], logprob=-11.31795), TopLogprob(token='The', bytes=[84, 104, 101], logprob=-14.7722845), TopLogprob(token='Answer', bytes=[65, 110, 115, 119, 101, 114], logprob=-16.38418), TopLogprob(token='Option', bytes=[79, 112, 116, 105, 111, 110], logprob=-16.482475)])]"
17,9,fear,IC,high_sg,Sarah fears the uncle of the toddlers who ___ .,"1) is, 2) are","1) are, 2) is","Sentence: Sarah fears the uncle of the toddlers who ___ . Options: 1) is, 2) are. Answer: ","Sentence: Sarah fears the uncle of the toddlers who ___ . Options: 1) are, 2) is. Answer: ","1) are, 2) is",1,"[ChatCompletionTokenLogprob(token='1', bytes=[49], logprob=-5.5122365e-07, top_logprobs=[TopLogprob(token='1', bytes=[49], logprob=-5.5122365e-07), TopLogprob(token='2', bytes=[50], logprob=-14.731406), TopLogprob(token='The', bytes=[84, 104, 101], logprob=-15.890668), TopLogprob(token='Option', bytes=[79, 112, 116, 105, 111, 110], logprob=-17.22488), TopLogprob(token='Answer', bytes=[65, 110, 115, 119, 101, 114], logprob=-18.42405)])]"
18,9,jog,nonIC,high_sg,Sarah jogs with the uncle of the toddlers who ___ .,"1) is, 2) are","1) are, 2) is","Sentence: Sarah jogs with the uncle of the toddlers who ___ . Options: 1) is, 2) are. Answer: ","Sentence: Sarah jogs with the uncle of the toddlers who ___ . Options: 1) are, 2) is. Answer: ","1) is, 2) are",2,"[ChatCompletionTokenLogprob(token='2', bytes=[50], logprob=-0.011650243, top_logprobs=[TopLogprob(token='2', bytes=[50], logprob=-0.011650243), TopLogprob(token='1', bytes=[49], logprob=-4.458288), TopLogprob(token='The', bytes=[84, 104, 101], logprob=-14.76849), TopLogprob(token='(', bytes=[40], logprob=-18.298996), TopLogprob(token='Two', bytes=[84, 119, 111], logprob=-18.37648)])]"
19,10,notice,IC,high_sg,Adam noticed the representative of the employees who ___ .,"1) was, 2) were","1) were, 2) was","Sentence: Adam noticed the representative of the employees who ___ . Options: 1) was, 2) were. Answer: ","Sentence: Adam noticed the representative of the employees who ___ . Options: 1) were, 2) was. Answer: ","1) was, 2) were",1,"[ChatCompletionTokenLogprob(token='1', bytes=[49], logprob=-1.9361265e-07, top_logprobs=[TopLogprob(token='1', bytes=[49], logprob=-1.9361265e-07), TopLogprob(token='The', bytes=[84, 104, 101], logprob=-16.562386), TopLogprob(token='2', bytes=[50], logprob=-16.848503), TopLogprob(token='Option', bytes=[79, 112, 116, 105, 111, 110], logprob=-18.290802), TopLogprob(token='Answer', bytes=[65, 110, 115, 119, 101, 114], logprob=-18.370388)])]"
20,10,resemble,nonIC,high_sg,Adam resembled the representative of the employees who ___ .,"1) was, 2) were","1) were, 2) was","Sentence: Adam resembled the representative of the employees who ___ . Options: 1) was, 2) were. Answer: ","Sentence: Adam resembled the representative of the employees who ___ . Options: 1) were, 2) was. Answer: ","1) was, 2) were",1,"[ChatCompletionTokenLogprob(token='1', bytes=[49], logprob=-6.704273e-07, top_logprobs=[TopLogprob(token='1', bytes=[49], logprob=-6.704273e-07), TopLogprob(token='2', bytes=[50], logprob=-14.522534), TopLogprob(token='The', bytes=[84, 104, 101], logprob=-16.868286), TopLogprob(token='Option', bytes=[79, 112, 116, 105, 111, 110], logprob=-18.242794), TopLogprob(token='Answer', bytes=[65, 110, 115, 119, 101, 114], logprob=-18.604452)])]"
21,11,praise,IC,high_pl,Tina praised the gardeners of the millionaire who ___ .,"1) has, 2) have","1) have, 2) has","Sentence: Tina praised the gardeners of the millionaire who ___ . Options: 1) has, 2) have. Answer: ","Sentence: Tina praised the gardeners of the millionaire who ___ . Options: 1) have, 2) has. Answer: ","1) have, 2) has",2,"[ChatCompletionTokenLogprob(token='2', bytes=[50], logprob=-0.014310409, top_logprobs=[TopLogprob(token='2', bytes=[50], logprob=-0.014310409), TopLogprob(token='1', bytes=[49], logprob=-4.2539306), TopLogprob(token='The', bytes=[84, 104, 101], logprob=-16.597466), TopLogprob(token='(', bytes=[40], logprob=-19.572233), TopLogprob(token='Two', bytes=[84, 119, 111], logprob=-19.91922)])]"
22,11,meet,nonIC,high_pl,Tina met the gardeners of the millionaire who ___ .,"1) has, 2) have","1) have, 2) has","Sentence: Tina met the gardeners of the millionaire who ___ . Options: 1) has, 2) have. Answer: ","Sentence: Tina met the gardeners of the millionaire who ___ . Options: 1) have, 2) has. Answer: ","1) have, 2) has",2,"[ChatCompletionTokenLogprob(token='2', bytes=[50], logprob=-0.00019257364, top_logprobs=[TopLogprob(token='2', bytes=[50], logprob=-0.00019257364), TopLogprob(token='1', bytes=[49], logprob=-8.557743), TopLogprob(token='The', bytes=[84, 104, 101], logprob=-14.546005), TopLogprob(token='Option', bytes=[79, 112, 116, 105, 111, 110], logprob=-18.17219), TopLogprob(token='Answer', bytes=[65, 110, 115, 119, 101, 114], logprob=-18.567217)])]"
23,12,hate,IC,high_pl,Justin hates the cousins of the accountant who ___ .,"1) is, 2) are","1) are, 2) is","Sentence: Justin hates the cousins of the accountant who ___ . Options: 1) is, 2) are. Answer: ","Sentence: Justin hates the cousins of the accountant who ___ . Options: 1) are, 2) is. Answer: ","1) is, 2) are",1,"[ChatCompletionTokenLogprob(token='1', bytes=[49], logprob=-1.0280384e-06, top_logprobs=[TopLogprob(token='1', bytes=[49], logprob=-1.0280384e-06), TopLogprob(token='2', bytes=[50], logprob=-14.085298), TopLogprob(token='The', bytes=[84, 104, 101], logprob=-15.084374), TopLogprob(token='Answer', bytes=[65, 110, 115, 119, 101, 114], logprob=-17.980766), TopLogprob(token='Option', bytes=[79, 112, 116, 105, 111, 110], logprob=-18.094408)])]"
24,12,carpool,nonIC,high_pl,Justin carpools with the cousins of the accountant who ___ .,"1) is, 2) are","1) are, 2) is","Sentence: Justin carpools with the cousins of the accountant who ___ . Options: 1) is, 2) are. Answer: ","Sentence: Justin carpools with the cousins of the accountant who ___ . Options: 1) are, 2) is. Answer: ","1) are, 2) is",2,"[ChatCompletionTokenLogprob(token='2', bytes=[50], logprob=-0.0003799105, top_logprobs=[TopLogprob(token='2', bytes=[50], logprob=-0.0003799105), TopLogprob(token='1', bytes=[49], logprob=-7.877135), TopLogprob(token='The', bytes=[84, 104, 101], logprob=-14.702547), TopLogprob(token='(', bytes=[40], logprob=-18.552856), TopLogprob(token='Answer', bytes=[65, 110, 115, 119, 101, 114], logprob=-18.663029)])]"
25,13,blame,IC,high_pl,Emily blamed the nieces of the florist who ___ .,"1) has, 2) have","1) have, 2) has","Sentence: Emily blamed the nieces of the florist who ___ . Options: 1) has, 2) have. Answer: ","Sentence: Emily blamed the nieces of the florist who ___ . Options: 1) have, 2) has. Answer: ","1) have, 2) has",2,"[ChatCompletionTokenLogprob(token='2', bytes=[50], logprob=-0.020925932, top_logprobs=[TopLogprob(token='2', bytes=[50], logprob=-0.020925932), TopLogprob(token='1', bytes=[49], logprob=-3.8772187), TopLogprob(token='The', bytes=[84, 104, 101], logprob=-15.867279), TopLogprob(token='Since', bytes=[83, 105, 110, 99, 101], logprob=-18.842644), TopLogprob(token='(', bytes=[40], logprob=-19.059912)])]"
26,13,wait,nonIC,high_pl,Emily waited with the nieces of the florist who ___ .,"1) has, 2) have","1) have, 2) has","Sentence: Emily waited with the nieces of the florist who ___ . Options: 1) has, 2) have. Answer: ","Sentence: Emily waited with the nieces of the florist who ___ . Options: 1) have, 2) has. Answer: ","1) have, 2) has",2,"[ChatCompletionTokenLogprob(token='2', bytes=[50], logprob=-2.4584822e-06, top_logprobs=[TopLogprob(token='2', bytes=[50], logprob=-2.4584822e-06), TopLogprob(token='1', bytes=[49], logprob=-13.09583), TopLogprob(token='The', bytes=[84, 104, 101], logprob=-14.862695), TopLogprob(token='Answer', bytes=[65, 110, 115, 119, 101, 114], logprob=-16.848654), TopLogprob(token='Option', bytes=[79, 112, 116, 105, 111, 110], logprob=-16.935305)])]"
27,14,help,IC,high_pl,Joe helped the brothers of the athlete who ___ .,"1) is, 2) are","1) are, 2) is","Sentence: Joe helped the brothers of the athlete who ___ . Options: 1) is, 2) are. Answer: ","Sentence: Joe helped the brothers of the athlete who ___ . Options: 1) are, 2) is. Answer: ","1) are, 2) is",2,"[ChatCompletionTokenLogprob(token='2', bytes=[50], logprob=-0.0001624188, top_logprobs=[TopLogprob(token='2', bytes=[50], logprob=-0.0001624188), TopLogprob(token='1', bytes=[49], logprob=-8.726255), TopLogprob(token='The', bytes=[84, 104, 101], logprob=-15.803644), TopLogprob(token='(', bytes=[40], logprob=-19.048435), TopLogprob(token='Option', bytes=[79, 112, 116, 105, 111, 110], logprob=-19.05812)])]"
28,14,run,nonIC,high_pl,Joe ran into the brothers of the athlete who ___ .,"1) is, 2) are","1) are, 2) is","Sentence: Joe ran into the brothers of the athlete who ___ . Options: 1) is, 2) are. Answer: ","Sentence: Joe ran into the brothers of the athlete who ___ . Options: 1) are, 2) is. Answer: ","1) are, 2) is",2,"[ChatCompletionTokenLogprob(token='2', bytes=[50], logprob=-0.00016659092, top_logprobs=[TopLogprob(token='2', bytes=[50], logprob=-0.00016659092), TopLogprob(token='1', bytes=[49], logprob=-8.701617), TopLogprob(token='The', bytes=[84, 104, 101], logprob=-15.219214), TopLogprob(token='Option', bytes=[79, 112, 116, 105, 111, 110], logprob=-18.509277), TopLogprob(token='Two', bytes=[84, 119, 111], logprob=-19.089396)])]"
29,15,reproach,IC,high_pl,Jessica reproached the doctors of the supermodel who ___ .,"1) was, 2) were","1) were, 2) was","Sentence: Jessica reproached the doctors of the supermodel who ___ . Options: 1) was, 2) were. Answer: ","Sentence: Jessica reproached the doctors of the supermodel who ___ . Options: 1) were, 2) was. Answer: ","1) were, 2) was",1,"[ChatCompletionTokenLogprob(token='1', bytes=[49], logprob=-4.0961266e-05, top_logprobs=[TopLogprob(token='1', bytes=[49], logprob=-4.0961266e-05), TopLogprob(token='2', bytes=[50], logprob=-10.104835), TopLogprob(token='The', bytes=[84, 104, 101], logprob=-17.038935), TopLogprob(token='Answer', bytes=[65, 110, 115, 119, 101, 114], logprob=-19.047077), TopLogprob(token='Option', bytes=[79, 112, 116, 105, 111, 110], logprob=-19.290018)])]"
30,15,work,nonIC,high_pl,Jessica worked with the doctors of the supermodel who ___ .,"1) was, 2) were","1) were, 2) was","Sentence: Jessica worked with the doctors of the supermodel who ___ . Options: 1) was, 2) were. Answer: ","Sentence: Jessica worked with the doctors of the supermodel who ___ . Options: 1) were, 2) was. Answer: ","1) was, 2) were",1,"[ChatCompletionTokenLogprob(token='1', bytes=[49], logprob=-9.014684e-06, top_logprobs=[TopLogprob(token='1', bytes=[49], logprob=-9.014684e-06), TopLogprob(token='2', bytes=[50], logprob=-11.632989), TopLogprob(token='The', bytes=[84, 104, 101], logprob=-16.736156), TopLogprob(token='Option', bytes=[79, 112, 116, 105, 111, 110], logprob=-19.063658), TopLogprob(token='Answer', bytes=[65, 110, 115, 119, 101, 114], logprob=-19.285992)])]"
31,16,pacify,IC,high_pl,Brian pacified the associates of the businessman who ___ .,"1) was, 2) were","1) were, 2) was","Sentence: Brian pacified the associates of the businessman who ___ . Options: 1) was, 2) were. Answer: ","Sentence: Brian pacified the associates of the businessman who ___ . Options: 1) were, 2) was. Answer: ","1) was, 2) were",1,"[ChatCompletionTokenLogprob(token='1', bytes=[49], logprob=-8.45898e-05, top_logprobs=[TopLogprob(token='1', bytes=[49], logprob=-8.45898e-05), TopLogprob(token='2', bytes=[50], logprob=-9.380357), TopLogprob(token='The', bytes=[84, 104, 101], logprob=-15.855256), TopLogprob(token='Option', bytes=[79, 112, 116, 105, 111, 110], logprob=-19.212019), TopLogprob(token='Answer', bytes=[65, 110, 115, 119, 101, 114], logprob=-19.443508)])]"
32,16,visit,nonIC,high_pl,Brian visited the associates of the businessman who ___ .,"1) was, 2) were","1) were, 2) was","Sentence: Brian visited the associates of the businessman who ___ . Options: 1) was, 2) were. Answer: ","Sentence: Brian visited the associates of the businessman who ___ . Options: 1) were, 2) was. Answer: ","1) were, 2) was",1,"[ChatCompletionTokenLogprob(token='1', bytes=[49], logprob=-9.968313e-06, top_logprobs=[TopLogprob(token='1', bytes=[49], logprob=-9.968313e-06), TopLogprob(token='2', bytes=[50], logprob=-11.597914), TopLogprob(token='The', bytes=[84, 104, 101], logprob=-14.157185), TopLogprob(token='Option', bytes=[79, 112, 116, 105, 111, 110], logprob=-17.104206), TopLogprob(token='Answer', bytes=[65, 110, 115, 119, 101, 114], logprob=-17.545269)])]"
33,17,detest,IC,high_pl,Melissa detests the children of the musician who ___ .,"1) is, 2) are","1) are, 2) is","Sentence: Melissa detests the children of the musician who ___ . Options: 1) is, 2) are. Answer: ","Sentence: Melissa detests the children of the musician who ___ . Options: 1) are, 2) is. Answer: ","1) is, 2) are",1,"[ChatCompletionTokenLogprob(token='1', bytes=[49], logprob=0.0, top_logprobs=[TopLogprob(token='1', bytes=[49], logprob=0.0), TopLogprob(token='2', bytes=[50], logprob=-16.876583), TopLogprob(token='The', bytes=[84, 104, 101], logprob=-17.341877), TopLogprob(token='Answer', bytes=[65, 110, 115, 119, 101, 114], logprob=-18.717453), TopLogprob(token='Option', bytes=[79, 112, 116, 105, 111, 110], logprob=-18.820309)])]"
34,17,babysit,nonIC,high_pl,Melissa babysits the children of the musician who ___ .,"1) is, 2) are","1) are, 2) is","Sentence: Melissa babysits the children of the musician who ___ . Options: 1) is, 2) are. Answer: ","Sentence: Melissa babysits the children of the musician who ___ . Options: 1) are, 2) is. Answer: ","1) is, 2) are",1,"[ChatCompletionTokenLogprob(token='1', bytes=[49], logprob=-1.9361265e-07, top_logprobs=[TopLogprob(token='1', bytes=[49], logprob=-1.9361265e-07), TopLogprob(token='The', bytes=[84, 104, 101], logprob=-16.209572), TopLogprob(token='2', bytes=[50], logprob=-17.636877), TopLogprob(token=' ', bytes=[32], logprob=-17.960121), TopLogprob(token='Option', bytes=[79, 112, 116, 105, 111, 110], logprob=-18.092762)])]"
35,18,thank,IC,high_pl,Frank thanked the servants of the dictator who ___ .,"1) is, 2) are","1) are, 2) is","Sentence: Frank thanked the servants of the dictator who ___ . Options: 1) is, 2) are. Answer: ","Sentence: Frank thanked the servants of the dictator who ___ . Options: 1) are, 2) is. Answer: ","1) are, 2) is",1,"[ChatCompletionTokenLogprob(token='1', bytes=[49], logprob=-1.3067608e-05, top_logprobs=[TopLogprob(token='1', bytes=[49], logprob=-1.3067608e-05), TopLogprob(token='2', bytes=[50], logprob=-11.267782), TopLogprob(token='The', bytes=[84, 104, 101], logprob=-15.414253), TopLogprob(token='Option', bytes=[79, 112, 116, 105, 111, 110], logprob=-17.380785), TopLogprob(token='Answer', bytes=[65, 110, 115, 119, 101, 114], logprob=-18.305136)])]"
36,18,talk,nonIC,high_pl,Frank talked to the servants of the dictator who ___ .,"1) is, 2) are","1) are, 2) is","Sentence: Frank talked to the servants of the dictator who ___ . Options: 1) is, 2) are. Answer: ","Sentence: Frank talked to the servants of the dictator who ___ . Options: 1) are, 2) is. Answer: ","1) are, 2) is",1,"[ChatCompletionTokenLogprob(token='1', bytes=[49], logprob=-1.2113979e-05, top_logprobs=[TopLogprob(token='1', bytes=[49], logprob=-1.2113979e-05), TopLogprob(token='2', bytes=[50], logprob=-11.342717), TopLogprob(token='The', bytes=[84, 104, 101], logprob=-15.368356), TopLogprob(token='Option', bytes=[79, 112, 116, 105, 111, 110], logprob=-17.55358), TopLogprob(token='Answer', bytes=[65, 110, 115, 119, 101, 114], logprob=-17.866842)])]"
37,19,congratulate,IC,high_pl,Tracy congratulated the bodyguards of the celebrity who ___ .,"1) was, 2) were","1) were, 2) was","Sentence: Tracy congratulated the bodyguards of the celebrity who ___ . Options: 1) was, 2) were. Answer: ","Sentence: Tracy congratulated the bodyguards of the celebrity who ___ . Options: 1) were, 2) was. Answer: ","1) were, 2) was",1,"[ChatCompletionTokenLogprob(token='1', bytes=[49], logprob=-6.704273e-07, top_logprobs=[TopLogprob(token='1', bytes=[49], logprob=-6.704273e-07), TopLogprob(token='2', bytes=[50], logprob=-14.913867), TopLogprob(token='The', bytes=[84, 104, 101], logprob=-15.154384), TopLogprob(token='Option', bytes=[79, 112, 116, 105, 111, 110], logprob=-17.33546), TopLogprob(token='Answer', bytes=[65, 110, 115, 119, 101, 114], logprob=-17.636616)])]"
38,19,chat,nonIC,high_pl,Tracy chatted with the bodyguards of the celebrity who ___ .,"1) was, 2) were","1) were, 2) was","Sentence: Tracy chatted with the bodyguards of the celebrity who ___ . Options: 1) was, 2) were. Answer: ","Sentence: Tracy chatted with the bodyguards of the celebrity who ___ . Options: 1) were, 2) was. Answer: ","1) were, 2) was",1,"[ChatCompletionTokenLogprob(token='1', bytes=[49], logprob=-5.2001665e-06, top_logprobs=[TopLogprob(token='1', bytes=[49], logprob=-5.2001665e-06), TopLogprob(token='2', bytes=[50], logprob=-12.197225), TopLogprob(token='The', bytes=[84, 104, 101], logprob=-15.794902), TopLogprob(token='Since', bytes=[83, 105, 110, 99, 101], logprob=-17.8351), TopLogprob(token='Answer', bytes=[65, 110, 115, 119, 101, 114], logprob=-17.86371)])]"
39,20,mock,IC,high_pl,Kevin mocked the fans of the singer who ___ .,"1) was, 2) were","1) were, 2) was","Sentence: Kevin mocked the fans of the singer who ___ . Options: 1) was, 2) were. Answer: ","Sentence: Kevin mocked the fans of the singer who ___ . Options: 1) were, 2) was. Answer: ","1) were, 2) was",1,"[ChatCompletionTokenLogprob(token='1', bytes=[49], logprob=-3.1281633e-07, top_logprobs=[TopLogprob(token='1', bytes=[49], logprob=-3.1281633e-07), TopLogprob(token='2', bytes=[50], logprob=-15.887856), TopLogprob(token='The', bytes=[84, 104, 101], logprob=-16.24418), TopLogprob(token='Option', bytes=[79, 112, 116, 105, 111, 110], logprob=-18.072365), TopLogprob(token='Answer', bytes=[65, 110, 115, 119, 101, 114], logprob=-18.398764)])]"
40,20,count,nonIC,high_pl,Kevin counted the fans of the singer who ___ .,"1) was, 2) were","1) were, 2) was","Sentence: Kevin counted the fans of the singer who ___ . Options: 1) was, 2) were. Answer: ","Sentence: Kevin counted the fans of the singer who ___ . Options: 1) were, 2) was. Answer: ","1) were, 2) was",1,"[ChatCompletionTokenLogprob(token='1', bytes=[49], logprob=-7.89631e-07, top_logprobs=[TopLogprob(token='1', bytes=[49], logprob=-7.89631e-07), TopLogprob(token='2', bytes=[50], logprob=-14.569234), TopLogprob(token='The', bytes=[84, 104, 101], logprob=-15.267571), TopLogprob(token='Option', bytes=[79, 112, 116, 105, 111, 110], logprob=-17.155376), TopLogprob(token='Answer', bytes=[65, 110, 115, 119, 101, 114], logprob=-19.22862)])]"
41,21,scold,IC,high_sg,Alice scolded the coordinator of the participants who ___. ,"1) was, 2) were","1) were, 2) was","Sentence: Alice scolded the coordinator of the participants who ___.  Options: 1) was, 2) were. Answer: ","Sentence: Alice scolded the coordinator of the participants who ___.  Options: 1) were, 2) was. Answer: ","1) was, 2) were",1,"[ChatCompletionTokenLogprob(token='1', bytes=[49], logprob=-4.246537e-06, top_logprobs=[TopLogprob(token='1', bytes=[49], logprob=-4.246537e-06), TopLogprob(token='2', bytes=[50], logprob=-12.422785), TopLogprob(token='The', bytes=[84, 104, 101], logprob=-16.190922), TopLogprob(token='Answer', bytes=[65, 110, 115, 119, 101, 114], logprob=-18.966434), TopLogprob(token='Option', bytes=[79, 112, 116, 105, 111, 110], logprob=-19.464428)])]"
42,21,joke,nonIC,high_sg,Alice joked with the coordinator of the participants who ___.,"1) was, 2) were","1) were, 2) was","Sentence: Alice joked with the coordinator of the participants who ___. Options: 1) was, 2) were. Answer: ","Sentence: Alice joked with the coordinator of the participants who ___. Options: 1) were, 2) was. Answer: ","1) was, 2) were",1,"[ChatCompletionTokenLogprob(token='1', bytes=[49], logprob=-1.0280384e-06, top_logprobs=[TopLogprob(token='1', bytes=[49], logprob=-1.0280384e-06), TopLogprob(token='2', bytes=[50], logprob=-14.144544), TopLogprob(token='The', bytes=[84, 104, 101], logprob=-15.070304), TopLogprob(token='Answer', bytes=[65, 110, 115, 119, 101, 114], logprob=-18.375776), TopLogprob(token='Option', bytes=[79, 112, 116, 105, 111, 110], logprob=-18.653753)])]"
43,22,stare,IC,high_sg,Charles stared at the patron of the artists who ___.,"1) was, 2) were","1) were, 2) was","Sentence: Charles stared at the patron of the artists who ___. Options: 1) was, 2) were. Answer: ","Sentence: Charles stared at the patron of the artists who ___. Options: 1) were, 2) was. Answer: ","1) were, 2) was",1,"[ChatCompletionTokenLogprob(token='1', bytes=[49], logprob=-0.000582819, top_logprobs=[TopLogprob(token='1', bytes=[49], logprob=-0.000582819), TopLogprob(token='2', bytes=[50], logprob=-7.4480658), TopLogprob(token='The', bytes=[84, 104, 101], logprob=-17.615007), TopLogprob(token='Answer', bytes=[65, 110, 115, 119, 101, 114], logprob=-19.610262), TopLogprob(token='Option', bytes=[79, 112, 116, 105, 111, 110], logprob=-20.042446)])]"
44,22,study,nonIC,high_sg,Charles studied with the patron of the artists who ___.,"1) was, 2) were","1) were, 2) was","Sentence: Charles studied with the patron of the artists who ___. Options: 1) was, 2) were. Answer: ","Sentence: Charles studied with the patron of the artists who ___. Options: 1) were, 2) was. Answer: ","1) were, 2) was",1,"[ChatCompletionTokenLogprob(token='1', bytes=[49], logprob=-1.1756368e-05, top_logprobs=[TopLogprob(token='1', bytes=[49], logprob=-1.1756368e-05), TopLogprob(token='2', bytes=[50], logprob=-11.37038), TopLogprob(token='The', bytes=[84, 104, 101], logprob=-16.574123), TopLogprob(token='Option', bytes=[79, 112, 116, 105, 111, 110], logprob=-19.10492), TopLogprob(token='Since', bytes=[83, 105, 110, 99, 101], logprob=-19.121716)])]"
45,23,assist,IC,high_sg,Ben assisted the coach of the players who ___.,"1) was, 2) were","1) were, 2) was","Sentence: Ben assisted the coach of the players who ___. Options: 1) was, 2) were. Answer: ","Sentence: Ben assisted the coach of the players who ___. Options: 1) were, 2) was. Answer: ","1) was, 2) were",2,"[ChatCompletionTokenLogprob(token='2', bytes=[50], logprob=-0.06235786, top_logprobs=[TopLogprob(token='2', bytes=[50], logprob=-0.06235786), TopLogprob(token='1', bytes=[49], logprob=-2.8058882), TopLogprob(token='The', bytes=[84, 104, 101], logprob=-14.9561205), TopLogprob(token='Both', bytes=[66, 111, 116, 104], logprob=-19.198195), TopLogprob(token='Answer', bytes=[65, 110, 115, 119, 101, 114], logprob=-19.891586)])]"
46,23,stand,nonIC,high_sg,Ben stood next to the coach of the players who ___.,"1) was, 2) were","1) were, 2) was","Sentence: Ben stood next to the coach of the players who ___. Options: 1) was, 2) were. Answer: ","Sentence: Ben stood next to the coach of the players who ___. Options: 1) were, 2) was. Answer: ","1) was, 2) were",2,"[ChatCompletionTokenLogprob(token='2', bytes=[50], logprob=-0.0047283303, top_logprobs=[TopLogprob(token='2', bytes=[50], logprob=-0.0047283303), TopLogprob(token='1', bytes=[49], logprob=-5.3565845), TopLogprob(token='The', bytes=[84, 104, 101], logprob=-15.682217), TopLogprob(token='(', bytes=[40], logprob=-18.469276), TopLogprob(token='Two', bytes=[84, 119, 111], logprob=-18.983143)])]"
47,24,trust,IC,high_sg,Bob trusted the physician of the patients who ___.,"1) was, 2) were","1) were, 2) was","Sentence: Bob trusted the physician of the patients who ___. Options: 1) was, 2) were. Answer: ","Sentence: Bob trusted the physician of the patients who ___. Options: 1) were, 2) was. Answer: ","1) were, 2) was",1,"[ChatCompletionTokenLogprob(token='1', bytes=[49], logprob=-9.0883464e-07, top_logprobs=[TopLogprob(token='1', bytes=[49], logprob=-9.0883464e-07), TopLogprob(token='2', bytes=[50], logprob=-14.179791), TopLogprob(token='The', bytes=[84, 104, 101], logprob=-16.178062), TopLogprob(token='Option', bytes=[79, 112, 116, 105, 111, 110], logprob=-17.990387), TopLogprob(token='Since', bytes=[83, 105, 110, 99, 101], logprob=-18.44834)])]"
48,24,live,nonIC,high_sg,Bob lived next to the physician of the patients who ___.,"1) was, 2) were","1) were, 2) was","Sentence: Bob lived next to the physician of the patients who ___. Options: 1) was, 2) were. Answer: ","Sentence: Bob lived next to the physician of the patients who ___. Options: 1) were, 2) was. Answer: ","1) were, 2) was",1,"[ChatCompletionTokenLogprob(token='1', bytes=[49], logprob=-4.3202e-07, top_logprobs=[TopLogprob(token='1', bytes=[49], logprob=-4.3202e-07), TopLogprob(token='The', bytes=[84, 104, 101], logprob=-15.336014), TopLogprob(token='2', bytes=[50], logprob=-16.151926), TopLogprob(token='Option', bytes=[79, 112, 116, 105, 111, 110], logprob=-16.766113), TopLogprob(token='Answer', bytes=[65, 110, 115, 119, 101, 114], logprob=-17.51145)])]"
49,25,correct,IC,high_sg,Rachel corrected the agent of the celebrities who ___.,"1) was, 2) were","1) were, 2) was","Sentence: Rachel corrected the agent of the celebrities who ___. Options: 1) was, 2) were. Answer: ","Sentence: Rachel corrected the agent of the celebrities who ___. Options: 1) were, 2) was. Answer: ","1) were, 2) was",1,"[ChatCompletionTokenLogprob(token='1', bytes=[49], logprob=-1.7432603e-06, top_logprobs=[TopLogprob(token='1', bytes=[49], logprob=-1.7432603e-06), TopLogprob(token='2', bytes=[50], logprob=-13.45245), TopLogprob(token='The', bytes=[84, 104, 101], logprob=-15.394142), TopLogprob(token='Since', bytes=[83, 105, 110, 99, 101], logprob=-16.735437), TopLogprob(token='Option', bytes=[79, 112, 116, 105, 111, 110], logprob=-17.083754)])]"
50,25,run,nonIC,high_sg,Rachel ran into the agent of the celebrities who ___.,"1) was, 2) were","1) were, 2) was","Sentence: Rachel ran into the agent of the celebrities who ___. Options: 1) was, 2) were. Answer: ","Sentence: Rachel ran into the agent of the celebrities who ___. Options: 1) were, 2) was. Answer: ","1) was, 2) were",1,"[ChatCompletionTokenLogprob(token='1', bytes=[49], logprob=-2.1008714e-06, top_logprobs=[TopLogprob(token='1', bytes=[49], logprob=-2.1008714e-06), TopLogprob(token='2', bytes=[50], logprob=-13.255194), TopLogprob(token='The', bytes=[84, 104, 101], logprob=-15.4967), TopLogprob(token='Option', bytes=[79, 112, 116, 105, 111, 110], logprob=-18.283663), TopLogprob(token='Answer', bytes=[65, 110, 115, 119, 101, 114], logprob=-18.394693)])]"
51,26,thank,IC,high_sg,James thanked the analyst of the vendors who ___.,"1) was, 2) were","1) were, 2) was","Sentence: James thanked the analyst of the vendors who ___. Options: 1) was, 2) were. Answer: ","Sentence: James thanked the analyst of the vendors who ___. Options: 1) were, 2) was. Answer: ","1) was, 2) were",2,"[ChatCompletionTokenLogprob(token='2', bytes=[50], logprob=-0.02808062, top_logprobs=[TopLogprob(token='2', bytes=[50], logprob=-0.02808062), TopLogprob(token='1', bytes=[49], logprob=-3.5866973), TopLogprob(token='The', bytes=[84, 104, 101], logprob=-14.803613), TopLogprob(token='Since', bytes=[83, 105, 110, 99, 101], logprob=-18.039953), TopLogprob(token='(', bytes=[40], logprob=-18.66858)])]"
52,26,chat,nonIC,high_sg,James chatted with the analyst of the vendors who ___.,"1) was, 2) were","1) were, 2) was","Sentence: James chatted with the analyst of the vendors who ___. Options: 1) was, 2) were. Answer: ","Sentence: James chatted with the analyst of the vendors who ___. Options: 1) were, 2) was. Answer: ","1) were, 2) was",1,"[ChatCompletionTokenLogprob(token='1', bytes=[49], logprob=-2.3392786e-06, top_logprobs=[TopLogprob(token='1', bytes=[49], logprob=-2.3392786e-06), TopLogprob(token='2', bytes=[50], logprob=-13.265207), TopLogprob(token='The', bytes=[84, 104, 101], logprob=-15.135431), TopLogprob(token='Since', bytes=[83, 105, 110, 99, 101], logprob=-15.972769), TopLogprob(token='Option', bytes=[79, 112, 116, 105, 111, 110], logprob=-17.419512)])]"
53,27,envy,IC,high_sg,Zoey envies the representative of the voters who ___.,"1) is, 2) are","1) are, 2) is","Sentence: Zoey envies the representative of the voters who ___. Options: 1) is, 2) are. Answer: ","Sentence: Zoey envies the representative of the voters who ___. Options: 1) are, 2) is. Answer: ","1) is, 2) are",1,"[ChatCompletionTokenLogprob(token='1', bytes=[49], logprob=-3.1281633e-07, top_logprobs=[TopLogprob(token='1', bytes=[49], logprob=-3.1281633e-07), TopLogprob(token='2', bytes=[50], logprob=-15.54525), TopLogprob(token='The', bytes=[84, 104, 101], logprob=-16.463749), TopLogprob(token='Option', bytes=[79, 112, 116, 105, 111, 110], logprob=-18.177694), TopLogprob(token='Answer', bytes=[65, 110, 115, 119, 101, 114], logprob=-18.190802)])]"
54,27,resemble,nonIC,high_sg,Zoey resembles the representative of the voters who ___.,"1) is, 2) are","1) are, 2) is","Sentence: Zoey resembles the representative of the voters who ___. Options: 1) is, 2) are. Answer: ","Sentence: Zoey resembles the representative of the voters who ___. Options: 1) are, 2) is. Answer: ","1) are, 2) is",1,"[ChatCompletionTokenLogprob(token='1', bytes=[49], logprob=-2.3795938e-05, top_logprobs=[TopLogprob(token='1', bytes=[49], logprob=-2.3795938e-05), TopLogprob(token='2', bytes=[50], logprob=-10.6570215), TopLogprob(token='The', bytes=[84, 104, 101], logprob=-15.142764), TopLogprob(token='Answer', bytes=[65, 110, 115, 119, 101, 114], logprob=-17.350138), TopLogprob(token='Option', bytes=[79, 112, 116, 105, 111, 110], logprob=-17.491774)])]"
55,28,value,IC,high_sg,Stephen values the accountant of the investors who ___.,"1) is, 2) are","1) are, 2) is","Sentence: Stephen values the accountant of the investors who ___. Options: 1) is, 2) are. Answer: ","Sentence: Stephen values the accountant of the investors who ___. Options: 1) are, 2) is. Answer: ","1) are, 2) is",1,"[ChatCompletionTokenLogprob(token='1', bytes=[49], logprob=-1.147242e-06, top_logprobs=[TopLogprob(token='1', bytes=[49], logprob=-1.147242e-06), TopLogprob(token='2', bytes=[50], logprob=-13.856751), TopLogprob(token='The', bytes=[84, 104, 101], logprob=-15.89545), TopLogprob(token='Option', bytes=[79, 112, 116, 105, 111, 110], logprob=-18.220858), TopLogprob(token='Answer', bytes=[65, 110, 115, 119, 101, 114], logprob=-19.289927)])]"
56,28,meet,nonIC,high_sg,Stephen met the accountant of the investors who ___.,"1) is, 2) are","1) are, 2) is","Sentence: Stephen met the accountant of the investors who ___. Options: 1) is, 2) are. Answer: ","Sentence: Stephen met the accountant of the investors who ___. Options: 1) are, 2) is. Answer: ","1) are, 2) is",1,"[ChatCompletionTokenLogprob(token='1', bytes=[49], logprob=-3.1281633e-07, top_logprobs=[TopLogprob(token='1', bytes=[49], logprob=-3.1281633e-07), TopLogprob(token='2', bytes=[50], logprob=-15.835171), TopLogprob(token='The', bytes=[84, 104, 101], logprob=-15.962921), TopLogprob(token='Option', bytes=[79, 112, 116, 105, 111, 110], logprob=-17.920002), TopLogprob(token=' ', bytes=[32], logprob=-18.82094)])]"
57,29,fear,IC,high_sg,Liz fears the lawyer of the actors who ___.,"1) is, 2) are","1) are, 2) is","Sentence: Liz fears the lawyer of the actors who ___. Options: 1) is, 2) are. Answer: ","Sentence: Liz fears the lawyer of the actors who ___. Options: 1) are, 2) is. Answer: ","1) is, 2) are",2,"[ChatCompletionTokenLogprob(token='2', bytes=[50], logprob=-5.383526e-05, top_logprobs=[TopLogprob(token='2', bytes=[50], logprob=-5.383526e-05), TopLogprob(token='1', bytes=[49], logprob=-9.856571), TopLogprob(token='The', bytes=[84, 104, 101], logprob=-13.624527), TopLogprob(token='Option', bytes=[79, 112, 116, 105, 111, 110], logprob=-16.894943), TopLogprob(token='Answer', bytes=[65, 110, 115, 119, 101, 114], logprob=-17.564808)])]"
58,29,recognize,nonIC,high_sg,Liz recognizes the lawyer of the actors who ___.,"1) is, 2) are","1) are, 2) is","Sentence: Liz recognizes the lawyer of the actors who ___. Options: 1) is, 2) are. Answer: ","Sentence: Liz recognizes the lawyer of the actors who ___. Options: 1) are, 2) is. Answer: ","1) are, 2) is",1,"[ChatCompletionTokenLogprob(token='1', bytes=[49], logprob=-5.5122365e-07, top_logprobs=[TopLogprob(token='1', bytes=[49], logprob=-5.5122365e-07), TopLogprob(token='The', bytes=[84, 104, 101], logprob=-15.124364), TopLogprob(token='2', bytes=[50], logprob=-16.098042), TopLogprob(token='Option', bytes=[79, 112, 116, 105, 111, 110], logprob=-16.940678), TopLogprob(token='Since', bytes=[83, 105, 110, 99, 101], logprob=-18.228647)])]"
59,30,notice,IC,high_sg,Jan noticed the son of the scientists who ___.,"1) was, 2) were","1) were, 2) was","Sentence: Jan noticed the son of the scientists who ___. Options: 1) was, 2) were. Answer: ","Sentence: Jan noticed the son of the scientists who ___. Options: 1) were, 2) was. Answer: ","1) was, 2) were",2,"[ChatCompletionTokenLogprob(token='2', bytes=[50], logprob=-0.35971433, top_logprobs=[TopLogprob(token='2', bytes=[50], logprob=-0.35971433), TopLogprob(token='1', bytes=[49], logprob=-1.1969182), TopLogprob(token='The', bytes=[84, 104, 101], logprob=-14.577141), TopLogprob(token='(', bytes=[40], logprob=-18.184488), TopLogprob(token='Since', bytes=[83, 105, 110, 99, 101], logprob=-18.442528)])]"
60,30,jog,nonIC,high_sg,Jan jogged with the son of the scientists who ___.,"1) was, 2) were","1) were, 2) was","Sentence: Jan jogged with the son of the scientists who ___. Options: 1) was, 2) were. Answer: ","Sentence: Jan jogged with the son of the scientists who ___. Options: 1) were, 2) was. Answer: ","1) were, 2) was",1,"[ChatCompletionTokenLogprob(token='1', bytes=[49], logprob=-6.704273e-07, top_logprobs=[TopLogprob(token='1', bytes=[49], logprob=-6.704273e-07), TopLogprob(token='The', bytes=[84, 104, 101], logprob=-14.890481), TopLogprob(token='Since', bytes=[83, 105, 110, 99, 101], logprob=-16.034315), TopLogprob(token='2', bytes=[50], logprob=-16.158154), TopLogprob(token='Answer', bytes=[65, 110, 115, 119, 101, 114], logprob=-17.287325)])]"
61,31,praise,IC,high_pl,Luke praised the tenants of the landlord who ___.,"1) was, 2) were","1) were, 2) was","Sentence: Luke praised the tenants of the landlord who ___. Options: 1) was, 2) were. Answer: ","Sentence: Luke praised the tenants of the landlord who ___. Options: 1) were, 2) was. Answer: ","1) were, 2) was",1,"[ChatCompletionTokenLogprob(token='1', bytes=[49], logprob=-0.00049322186, top_logprobs=[TopLogprob(token='1', bytes=[49], logprob=-0.00049322186), TopLogprob(token='2', bytes=[50], logprob=-7.6150064), TopLogprob(token='The', bytes=[84, 104, 101], logprob=-16.843466), TopLogprob(token='Since', bytes=[83, 105, 110, 99, 101], logprob=-19.434576), TopLogprob(token='Answer', bytes=[65, 110, 115, 119, 101, 114], logprob=-19.495703)])]"
62,31,carpool,nonIC,high_pl,Luke carpooled with the tenants of the landlord who ___.,"1) was, 2) were","1) were, 2) was","Sentence: Luke carpooled with the tenants of the landlord who ___. Options: 1) was, 2) were. Answer: ","Sentence: Luke carpooled with the tenants of the landlord who ___. Options: 1) were, 2) was. Answer: ","1) was, 2) were",1,"[ChatCompletionTokenLogprob(token='1', bytes=[49], logprob=-9.0883464e-07, top_logprobs=[TopLogprob(token='1', bytes=[49], logprob=-9.0883464e-07), TopLogprob(token='2', bytes=[50], logprob=-14.218732), TopLogprob(token='The', bytes=[84, 104, 101], logprob=-15.783763), TopLogprob(token='Answer', bytes=[65, 110, 115, 119, 101, 114], logprob=-18.099316), TopLogprob(token='Option', bytes=[79, 112, 116, 105, 111, 110], logprob=-18.455988)])]"
63,32,hate,IC,high_pl,Karen hates the followers of the leader who ___.,"1) is, 2) are","1) are, 2) is","Sentence: Karen hates the followers of the leader who ___. Options: 1) is, 2) are. Answer: ","Sentence: Karen hates the followers of the leader who ___. Options: 1) are, 2) is. Answer: ","1) are, 2) is",1,"[ChatCompletionTokenLogprob(token='1', bytes=[49], logprob=-4.3202e-07, top_logprobs=[TopLogprob(token='1', bytes=[49], logprob=-4.3202e-07), TopLogprob(token='The', bytes=[84, 104, 101], logprob=-15.290142), TopLogprob(token='2', bytes=[50], logprob=-16.406824), TopLogprob(token='Option', bytes=[79, 112, 116, 105, 111, 110], logprob=-17.269543), TopLogprob(token='Answer', bytes=[65, 110, 115, 119, 101, 114], logprob=-17.990961)])]"
64,32,know,nonIC,high_pl,Karen knows the follwers of the leader who ___.,"1) is, 2) are","1) are, 2) is","Sentence: Karen knows the follwers of the leader who ___. Options: 1) is, 2) are. Answer: ","Sentence: Karen knows the follwers of the leader who ___. Options: 1) are, 2) is. Answer: ","1) is, 2) are",1,"[ChatCompletionTokenLogprob(token='1', bytes=[49], logprob=-1.9361265e-07, top_logprobs=[TopLogprob(token='1', bytes=[49], logprob=-1.9361265e-07), TopLogprob(token='The', bytes=[84, 104, 101], logprob=-15.687206), TopLogprob(token='2', bytes=[50], logprob=-16.760574), TopLogprob(token='Option', bytes=[79, 112, 116, 105, 111, 110], logprob=-17.691513), TopLogprob(token='Answer', bytes=[65, 110, 115, 119, 101, 114], logprob=-17.848066)])]"
65,33,blame,IC,high_pl,Jack blamed the trainees of the craftsman who ___.,"1) was, 2) were","1) were, 2) was","Sentence: Jack blamed the trainees of the craftsman who ___. Options: 1) was, 2) were. Answer: ","Sentence: Jack blamed the trainees of the craftsman who ___. Options: 1) were, 2) was. Answer: ","1) was, 2) were",1,"[ChatCompletionTokenLogprob(token='1', bytes=[49], logprob=-0.0012861869, top_logprobs=[TopLogprob(token='1', bytes=[49], logprob=-0.0012861869), TopLogprob(token='2', bytes=[50], logprob=-6.656876), TopLogprob(token='The', bytes=[84, 104, 101], logprob=-16.23839), TopLogprob(token='Answer', bytes=[65, 110, 115, 119, 101, 114], logprob=-20.047829), TopLogprob(token='(', bytes=[40], logprob=-20.341526)])]"
66,33,gossip,nonIC,high_pl,Jack gossiped with the trainees of the craftsman who ___.,"1) was, 2) were","1) were, 2) was","Sentence: Jack gossiped with the trainees of the craftsman who ___. Options: 1) was, 2) were. Answer: ","Sentence: Jack gossiped with the trainees of the craftsman who ___. Options: 1) were, 2) was. Answer: ","1) was, 2) were",1,"[ChatCompletionTokenLogprob(token='1', bytes=[49], logprob=-1.0280384e-06, top_logprobs=[TopLogprob(token='1', bytes=[49], logprob=-1.0280384e-06), TopLogprob(token='2', bytes=[50], logprob=-14.016627), TopLogprob(token='The', bytes=[84, 104, 101], logprob=-15.600957), TopLogprob(token='Answer', bytes=[65, 110, 115, 119, 101, 114], logprob=-18.234537), TopLogprob(token='Option', bytes=[79, 112, 116, 105, 111, 110], logprob=-18.405554)])]"
67,34,help,IC,high_pl,Sophia helped the students of the professor who ___.,"1) was, 2) were","1) were, 2) was","Sentence: Sophia helped the students of the professor who ___. Options: 1) was, 2) were. Answer: ","Sentence: Sophia helped the students of the professor who ___. Options: 1) were, 2) was. Answer: ","1) was, 2) were",1,"[ChatCompletionTokenLogprob(token='1', bytes=[49], logprob=-4.3202e-07, top_logprobs=[TopLogprob(token='1', bytes=[49], logprob=-4.3202e-07), TopLogprob(token='2', bytes=[50], logprob=-15.222813), TopLogprob(token='The', bytes=[84, 104, 101], logprob=-16.12224), TopLogprob(token='Option', bytes=[79, 112, 116, 105, 111, 110], logprob=-18.565807), TopLogprob(token='Answer', bytes=[65, 110, 115, 119, 101, 114], logprob=-18.912243)])]"
68,34,wait,nonIC,high_pl,Sophia waited with the students of the professor who ___.,"1) was, 2) were","1) were, 2) was","Sentence: Sophia waited with the students of the professor who ___. Options: 1) was, 2) were. Answer: ","Sentence: Sophia waited with the students of the professor who ___. Options: 1) were, 2) was. Answer: ","1) were, 2) was",1,"[ChatCompletionTokenLogprob(token='1', bytes=[49], logprob=-0.00039742238, top_logprobs=[TopLogprob(token='1', bytes=[49], logprob=-0.00039742238), TopLogprob(token='2', bytes=[50], logprob=-7.831101), TopLogprob(token='The', bytes=[84, 104, 101], logprob=-15.721272), TopLogprob(token='Answer', bytes=[65, 110, 115, 119, 101, 114], logprob=-17.966087), TopLogprob(token='Option', bytes=[79, 112, 116, 105, 111, 110], logprob=-18.47098)])]"
69,35,reproach,IC,high_pl,Noah reproached the assistants of the technician who ___.,"1) was, 2) were","1) were, 2) was","Sentence: Noah reproached the assistants of the technician who ___. Options: 1) was, 2) were. Answer: ","Sentence: Noah reproached the assistants of the technician who ___. Options: 1) were, 2) was. Answer: ","1) was, 2) were",2,"[ChatCompletionTokenLogprob(token='2', bytes=[50], logprob=-0.0961366, top_logprobs=[TopLogprob(token='2', bytes=[50], logprob=-0.0961366), TopLogprob(token='1', bytes=[49], logprob=-2.38967), TopLogprob(token='The', bytes=[84, 104, 101], logprob=-16.281282), TopLogprob(token='(', bytes=[40], logprob=-18.779417), TopLogprob(token=' ', bytes=[32], logprob=-18.939507)])]"
70,35,visit,nonIC,high_pl,Noah visited the assistants of the technician who ___.,"1) was, 2) were","1) were, 2) was","Sentence: Noah visited the assistants of the technician who ___. Options: 1) was, 2) were. Answer: ","Sentence: Noah visited the assistants of the technician who ___. Options: 1) were, 2) was. Answer: ","1) were, 2) was",1,"[ChatCompletionTokenLogprob(token='1', bytes=[49], logprob=-7.89631e-07, top_logprobs=[TopLogprob(token='1', bytes=[49], logprob=-7.89631e-07), TopLogprob(token='2', bytes=[50], logprob=-14.540872), TopLogprob(token='The', bytes=[84, 104, 101], logprob=-15.322679), TopLogprob(token='Option', bytes=[79, 112, 116, 105, 111, 110], logprob=-16.856083), TopLogprob(token='Since', bytes=[83, 105, 110, 99, 101], logprob=-18.371109)])]"
71,36,pacify,IC,high_pl,Charlotte pacified the patients of the therapist who ___.,"1) was, 2) were","1) were, 2) was","Sentence: Charlotte pacified the patients of the therapist who ___. Options: 1) was, 2) were. Answer: ","Sentence: Charlotte pacified the patients of the therapist who ___. Options: 1) were, 2) was. Answer: ","1) was, 2) were",1,"[ChatCompletionTokenLogprob(token='1', bytes=[49], logprob=-3.1281633e-07, top_logprobs=[TopLogprob(token='1', bytes=[49], logprob=-3.1281633e-07), TopLogprob(token='The', bytes=[84, 104, 101], logprob=-15.994038), TopLogprob(token='2', bytes=[50], logprob=-16.268167), TopLogprob(token='Answer', bytes=[65, 110, 115, 119, 101, 114], logprob=-18.508049), TopLogprob(token='Option', bytes=[79, 112, 116, 105, 111, 110], logprob=-18.52673)])]"
72,36,greet,nonIC,high_pl,Charlotte greeted the patients of the therapist who ___.,"1) was, 2) were","1) were, 2) was","Sentence: Charlotte greeted the patients of the therapist who ___. Options: 1) was, 2) were. Answer: ","Sentence: Charlotte greeted the patients of the therapist who ___. Options: 1) were, 2) was. Answer: ","1) was, 2) were",1,"[ChatCompletionTokenLogprob(token='1', bytes=[49], logprob=-4.3202e-07, top_logprobs=[TopLogprob(token='1', bytes=[49], logprob=-4.3202e-07), TopLogprob(token='2', bytes=[50], logprob=-15.031818), TopLogprob(token='The', bytes=[84, 104, 101], logprob=-16.04086), TopLogprob(token='Option', bytes=[79, 112, 116, 105, 111, 110], logprob=-18.636711), TopLogprob(token='Answer', bytes=[65, 110, 115, 119, 101, 114], logprob=-18.660004)])]"
73,37,detest,IC,high_pl,Evelyn detests the supporters of the candidate who ___. ,"1) has, 2) have","1) have, 2) has","Sentence: Evelyn detests the supporters of the candidate who ___.  Options: 1) has, 2) have. Answer: ","Sentence: Evelyn detests the supporters of the candidate who ___.  Options: 1) have, 2) has. Answer: ","1) has, 2) have",1,"[ChatCompletionTokenLogprob(token='1', bytes=[49], logprob=-0.00014454192, top_logprobs=[TopLogprob(token='1', bytes=[49], logprob=-0.00014454192), TopLogprob(token='2', bytes=[50], logprob=-8.842621), TopLogprob(token='The', bytes=[84, 104, 101], logprob=-17.096104), TopLogprob(token='Answer', bytes=[65, 110, 115, 119, 101, 114], logprob=-19.775227), TopLogprob(token='Option', bytes=[79, 112, 116, 105, 111, 110], logprob=-20.615534)])]"
74,37,work,nonIC,high_pl,Evelyn works with the supporters of the candidate who ___.,"1) has, 2) have","1) have, 2) has","Sentence: Evelyn works with the supporters of the candidate who ___. Options: 1) has, 2) have. Answer: ","Sentence: Evelyn works with the supporters of the candidate who ___. Options: 1) have, 2) has. Answer: ","1) have, 2) has",1,"[ChatCompletionTokenLogprob(token='1', bytes=[49], logprob=-0.0019481527, top_logprobs=[TopLogprob(token='1', bytes=[49], logprob=-0.0019481527), TopLogprob(token='2', bytes=[50], logprob=-6.2419024), TopLogprob(token='The', bytes=[84, 104, 101], logprob=-16.554197), TopLogprob(token='Option', bytes=[79, 112, 116, 105, 111, 110], logprob=-19.432106), TopLogprob(token='Answer', bytes=[65, 110, 115, 119, 101, 114], logprob=-19.655977)])]"
75,38,comfort,IC,high_pl,Ken comforted the children of the actress who ___.,"1) was, 2) were","1) were, 2) was","Sentence: Ken comforted the children of the actress who ___. Options: 1) was, 2) were. Answer: ","Sentence: Ken comforted the children of the actress who ___. Options: 1) were, 2) was. Answer: ","1) were, 2) was",1,"[ChatCompletionTokenLogprob(token='1', bytes=[49], logprob=-0.01653973, top_logprobs=[TopLogprob(token='1', bytes=[49], logprob=-0.01653973), TopLogprob(token='2', bytes=[50], logprob=-4.1102705), TopLogprob(token='The', bytes=[84, 104, 101], logprob=-15.05906), TopLogprob(token='Option', bytes=[79, 112, 116, 105, 111, 110], logprob=-18.552996), TopLogprob(token='(', bytes=[40], logprob=-19.011839)])]"
76,38,babysit,nonIC,high_pl,Ken babysat the children of the actress who ___.,"1) was, 2) were","1) were, 2) was","Sentence: Ken babysat the children of the actress who ___. Options: 1) was, 2) were. Answer: ","Sentence: Ken babysat the children of the actress who ___. Options: 1) were, 2) was. Answer: ","1) were, 2) was",2,"[ChatCompletionTokenLogprob(token='2', bytes=[50], logprob=-1.1398757e-05, top_logprobs=[TopLogprob(token='2', bytes=[50], logprob=-1.1398757e-05), TopLogprob(token='1', bytes=[49], logprob=-11.457874), TopLogprob(token='The', bytes=[84, 104, 101], logprob=-14.250664), TopLogprob(token='Option', bytes=[79, 112, 116, 105, 111, 110], logprob=-16.802149), TopLogprob(token='Answer', bytes=[65, 110, 115, 119, 101, 114], logprob=-17.303549)])]"
77,39,congratulate,IC,high_pl,Henry congratulated the architects of the homeowner who ___.,"1) was, 2) were","1) were, 2) was","Sentence: Henry congratulated the architects of the homeowner who ___. Options: 1) was, 2) were. Answer: ","Sentence: Henry congratulated the architects of the homeowner who ___. Options: 1) were, 2) was. Answer: ","1) were, 2) was",2,"[ChatCompletionTokenLogprob(token='2', bytes=[50], logprob=-0.0055077802, top_logprobs=[TopLogprob(token='2', bytes=[50], logprob=-0.0055077802), TopLogprob(token='1', bytes=[49], logprob=-5.2044005), TopLogprob(token='The', bytes=[84, 104, 101], logprob=-15.242129), TopLogprob(token='(', bytes=[40], logprob=-18.381495), TopLogprob(token='Since', bytes=[83, 105, 110, 99, 101], logprob=-18.85611)])]"
78,39,count,nonIC,high_pl,Henry counted the architects of the homeowner who ___.,"1) was, 2) were","1) were, 2) was","Sentence: Henry counted the architects of the homeowner who ___. Options: 1) was, 2) were. Answer: ","Sentence: Henry counted the architects of the homeowner who ___. Options: 1) were, 2) was. Answer: ","1) were, 2) was",1,"[ChatCompletionTokenLogprob(token='1', bytes=[49], logprob=-0.00047261795, top_logprobs=[TopLogprob(token='1', bytes=[49], logprob=-0.00047261795), TopLogprob(token='2', bytes=[50], logprob=-7.658067), TopLogprob(token='The', bytes=[84, 104, 101], logprob=-15.471645), TopLogprob(token='Option', bytes=[79, 112, 116, 105, 111, 110], logprob=-18.392296), TopLogprob(token='Since', bytes=[83, 105, 110, 99, 101], logprob=-18.499763)])]"
79,40,mock,IC,high_pl,Olivia mocked the apprentices of the carpenter who ___.,"1) was, 2) were","1) were, 2) was","Sentence: Olivia mocked the apprentices of the carpenter who ___. Options: 1) was, 2) were. Answer: ","Sentence: Olivia mocked the apprentices of the carpenter who ___. Options: 1) were, 2) was. Answer: ","1) were, 2) was",1,"[ChatCompletionTokenLogprob(token='1', bytes=[49], logprob=-1.0280384e-06, top_logprobs=[TopLogprob(token='1', bytes=[49], logprob=-1.0280384e-06), TopLogprob(token='2', bytes=[50], logprob=-14.219878), TopLogprob(token='The', bytes=[84, 104, 101], logprob=-15.21724), TopLogprob(token='Option', bytes=[79, 112, 116, 105, 111, 110], logprob=-17.592215), TopLogprob(token='Since', bytes=[83, 105, 110, 99, 101], logprob=-18.768438)])]"
80,40,talk,nonIC,high_pl,Olivia talked to the apprentices of the carpenter who ___.,"1) was, 2) were","1) were, 2) was","Sentence: Olivia talked to the apprentices of the carpenter who ___. Options: 1) was, 2) were. Answer: ","Sentence: Olivia talked to the apprentices of the carpenter who ___. Options: 1) were, 2) was. Answer: ","1) were, 2) was",1,"[ChatCompletionTokenLogprob(token='1', bytes=[49], logprob=-4.8425554e-06, top_logprobs=[TopLogprob(token='1', bytes=[49], logprob=-4.8425554e-06), TopLogprob(token='2', bytes=[50], logprob=-12.367066), TopLogprob(token='The', bytes=[84, 104, 101], logprob=-14.960259), TopLogprob(token='Since', bytes=[83, 105, 110, 99, 101], logprob=-16.034407), TopLogprob(token='Answer', bytes=[65, 110, 115, 119, 101, 114], logprob=-17.140467)])]"
81,41,scold,IC,high_pl,Ashley scolded the children of the historian who ___.,"1) was, 2) were","1) were, 2) was","Sentence: Ashley scolded the children of the historian who ___. Options: 1) was, 2) were. Answer: ","Sentence: Ashley scolded the children of the historian who ___. Options: 1) were, 2) was. Answer: ","1) was, 2) were",1,"[ChatCompletionTokenLogprob(token='1', bytes=[49], logprob=-1.2664457e-06, top_logprobs=[TopLogprob(token='1', bytes=[49], logprob=-1.2664457e-06), TopLogprob(token='2', bytes=[50], logprob=-13.739434), TopLogprob(token='The', bytes=[84, 104, 101], logprob=-16.002138), TopLogprob(token='Answer', bytes=[65, 110, 115, 119, 101, 114], logprob=-17.93064), TopLogprob(token='Option', bytes=[79, 112, 116, 105, 111, 110], logprob=-18.330961)])]"
82,41,babysit,nonIC,high_pl,Ashley studied with the children of the historian who ___.,"1) was, 2) were","1) were, 2) was","Sentence: Ashley studied with the children of the historian who ___. Options: 1) was, 2) were. Answer: ","Sentence: Ashley studied with the children of the historian who ___. Options: 1) were, 2) was. Answer: ","1) were, 2) was",2,"[ChatCompletionTokenLogprob(token='2', bytes=[50], logprob=-0.0025453395, top_logprobs=[TopLogprob(token='2', bytes=[50], logprob=-0.0025453395), TopLogprob(token='1', bytes=[49], logprob=-5.9748354), TopLogprob(token='The', bytes=[84, 104, 101], logprob=-16.318327), TopLogprob(token='(', bytes=[40], logprob=-18.672651), TopLogprob(token='Two', bytes=[84, 119, 111], logprob=-19.498535)])]"
83,42,stare,IC,high_pl,Daniel stared at the clients of the designer who ___.,"1) was, 2) were","1) were, 2) was","Sentence: Daniel stared at the clients of the designer who ___. Options: 1) was, 2) were. Answer: ","Sentence: Daniel stared at the clients of the designer who ___. Options: 1) were, 2) was. Answer: ","1) were, 2) was",1,"[ChatCompletionTokenLogprob(token='1', bytes=[49], logprob=-1.2664457e-06, top_logprobs=[TopLogprob(token='1', bytes=[49], logprob=-1.2664457e-06), TopLogprob(token='2', bytes=[50], logprob=-13.838685), TopLogprob(token='The', bytes=[84, 104, 101], logprob=-15.528268), TopLogprob(token='Option', bytes=[79, 112, 116, 105, 111, 110], logprob=-17.694906), TopLogprob(token='Answer', bytes=[65, 110, 115, 119, 101, 114], logprob=-18.483648)])]"
84,42,count,nonIC,high_pl,Daniel counted the clients of the designer who ___.,"1) was, 2) were","1) were, 2) was","Sentence: Daniel counted the clients of the designer who ___. Options: 1) was, 2) were. Answer: ","Sentence: Daniel counted the clients of the designer who ___. Options: 1) were, 2) was. Answer: ","1) was, 2) were",1,"[ChatCompletionTokenLogprob(token='1', bytes=[49], logprob=-3.1281633e-07, top_logprobs=[TopLogprob(token='1', bytes=[49], logprob=-3.1281633e-07), TopLogprob(token='The', bytes=[84, 104, 101], logprob=-15.779621), TopLogprob(token='2', bytes=[50], logprob=-16.111027), TopLogprob(token='Option', bytes=[79, 112, 116, 105, 111, 110], logprob=-17.832047), TopLogprob(token='Answer', bytes=[65, 110, 115, 119, 101, 114], logprob=-17.87542)])]"
85,43,assist,IC,high_pl,Megan assisted the photographers of the bride who ___.,"1) was, 2) were","1) were, 2) was","Sentence: Megan assisted the photographers of the bride who ___. Options: 1) was, 2) were. Answer: ","Sentence: Megan assisted the photographers of the bride who ___. Options: 1) were, 2) was. Answer: ","1) was, 2) were",1,"[ChatCompletionTokenLogprob(token='1', bytes=[49], logprob=-0.0033724615, top_logprobs=[TopLogprob(token='1', bytes=[49], logprob=-0.0033724615), TopLogprob(token='2', bytes=[50], logprob=-5.6938405), TopLogprob(token='The', bytes=[84, 104, 101], logprob=-16.614155), TopLogprob(token='(', bytes=[40], logprob=-20.741886), TopLogprob(token=' ', bytes=[32], logprob=-20.793186)])]"
86,43,joke,nonIC,high_pl,Megan joked with the photographers of the bride who ___.,"1) was, 2) were","1) were, 2) was","Sentence: Megan joked with the photographers of the bride who ___. Options: 1) was, 2) were. Answer: ","Sentence: Megan joked with the photographers of the bride who ___. Options: 1) were, 2) was. Answer: ","1) were, 2) was",1,"[ChatCompletionTokenLogprob(token='1', bytes=[49], logprob=-2.220075e-06, top_logprobs=[TopLogprob(token='1', bytes=[49], logprob=-2.220075e-06), TopLogprob(token='2', bytes=[50], logprob=-13.179728), TopLogprob(token='The', bytes=[84, 104, 101], logprob=-15.52466), TopLogprob(token='Answer', bytes=[65, 110, 115, 119, 101, 114], logprob=-17.319899), TopLogprob(token='Option', bytes=[79, 112, 116, 105, 111, 110], logprob=-17.67541)])]"
87,44,trust,IC,high_pl,Lucas trusted the instructors of the pilot who ___.,"1) was, 2) were","1) were, 2) was","Sentence: Lucas trusted the instructors of the pilot who ___. Options: 1) was, 2) were. Answer: ","Sentence: Lucas trusted the instructors of the pilot who ___. Options: 1) were, 2) was. Answer: ","1) were, 2) was",2,"[ChatCompletionTokenLogprob(token='2', bytes=[50], logprob=-0.0007269674, top_logprobs=[TopLogprob(token='2', bytes=[50], logprob=-0.0007269674), TopLogprob(token='1', bytes=[49], logprob=-7.2273088), TopLogprob(token='The', bytes=[84, 104, 101], logprob=-16.650053), TopLogprob(token='(', bytes=[40], logprob=-18.852558), TopLogprob(token='Option', bytes=[79, 112, 116, 105, 111, 110], logprob=-19.487423)])]"
88,44,wait,nonIC,high_pl,Lucas waited with the instructors of the pilot who ___.,"1) was, 2) were","1) were, 2) was","Sentence: Lucas waited with the instructors of the pilot who ___. Options: 1) was, 2) were. Answer: ","Sentence: Lucas waited with the instructors of the pilot who ___. Options: 1) were, 2) was. Answer: ","1) were, 2) was",1,"[ChatCompletionTokenLogprob(token='1', bytes=[49], logprob=-0.004222759, top_logprobs=[TopLogprob(token='1', bytes=[49], logprob=-0.004222759), TopLogprob(token='2', bytes=[50], logprob=-5.469387), TopLogprob(token='The', bytes=[84, 104, 101], logprob=-17.652536), TopLogprob(token='Since', bytes=[83, 105, 110, 99, 101], logprob=-18.013363), TopLogprob(token='Answer', bytes=[65, 110, 115, 119, 101, 114], logprob=-19.448727)])]"
89,45,correct,IC,high_pl,Michelle corrected the advisers of the officer who ___.,"1) was, 2) were","1) were, 2) was","Sentence: Michelle corrected the advisers of the officer who ___. Options: 1) was, 2) were. Answer: ","Sentence: Michelle corrected the advisers of the officer who ___. Options: 1) were, 2) was. Answer: ","1) were, 2) was",1,"[ChatCompletionTokenLogprob(token='1', bytes=[49], logprob=-6.17027e-05, top_logprobs=[TopLogprob(token='1', bytes=[49], logprob=-6.17027e-05), TopLogprob(token='2', bytes=[50], logprob=-9.705323), TopLogprob(token='The', bytes=[84, 104, 101], logprob=-14.168767), TopLogprob(token='Option', bytes=[79, 112, 116, 105, 111, 110], logprob=-17.903784), TopLogprob(token='Answer', bytes=[65, 110, 115, 119, 101, 114], logprob=-18.286812)])]"
90,45,stand,nonIC,high_pl,Michelle stood near the advisers of the officer who ___.,"1) was, 2) were","1) were, 2) was","Sentence: Michelle stood near the advisers of the officer who ___. Options: 1) was, 2) were. Answer: ","Sentence: Michelle stood near the advisers of the officer who ___. Options: 1) were, 2) was. Answer: ","1) was, 2) were",1,"[ChatCompletionTokenLogprob(token='1', bytes=[49], logprob=-1.0280384e-06, top_logprobs=[TopLogprob(token='1', bytes=[49], logprob=-1.0280384e-06), TopLogprob(token='2', bytes=[50], logprob=-14.017781), TopLogprob(token='The', bytes=[84, 104, 101], logprob=-16.613306), TopLogprob(token='Option', bytes=[79, 112, 116, 105, 111, 110], logprob=-18.85926), TopLogprob(token='Answer', bytes=[65, 110, 115, 119, 101, 114], logprob=-19.432127)])]"
91,46,comfort,IC,high_pl,Oliver comforted the advisees of the specialist who ___.,"1) was, 2) were","1) were, 2) was","Sentence: Oliver comforted the advisees of the specialist who ___. Options: 1) was, 2) were. Answer: ","Sentence: Oliver comforted the advisees of the specialist who ___. Options: 1) were, 2) was. Answer: ","1) were, 2) was",1,"[ChatCompletionTokenLogprob(token='1', bytes=[49], logprob=-0.00010425841, top_logprobs=[TopLogprob(token='1', bytes=[49], logprob=-0.00010425841), TopLogprob(token='2', bytes=[50], logprob=-9.172574), TopLogprob(token='The', bytes=[84, 104, 101], logprob=-14.919873), TopLogprob(token='Option', bytes=[79, 112, 116, 105, 111, 110], logprob=-18.607315), TopLogprob(token='Answer', bytes=[65, 110, 115, 119, 101, 114], logprob=-18.763546)])]"
92,46,gossip,nonIC,high_pl,Oliver gossiped with the advisees of the specialist who ___.,"1) was, 2) were","1) were, 2) was","Sentence: Oliver gossiped with the advisees of the specialist who ___. Options: 1) was, 2) were. Answer: ","Sentence: Oliver gossiped with the advisees of the specialist who ___. Options: 1) were, 2) was. Answer: ","1) was, 2) were",1,"[ChatCompletionTokenLogprob(token='1', bytes=[49], logprob=-4.3202e-07, top_logprobs=[TopLogprob(token='1', bytes=[49], logprob=-4.3202e-07), TopLogprob(token='2', bytes=[50], logprob=-15.098122), TopLogprob(token='The', bytes=[84, 104, 101], logprob=-15.924582), TopLogprob(token='Option', bytes=[79, 112, 116, 105, 111, 110], logprob=-18.379766), TopLogprob(token='Answer', bytes=[65, 110, 115, 119, 101, 114], logprob=-18.437086)])]"
93,47,envy,IC,high_pl,Rebecca envies the contractors of the homeowner who ___.,"1) has, 2) have","1) have, 2) has","Sentence: Rebecca envies the contractors of the homeowner who ___. Options: 1) has, 2) have. Answer: ","Sentence: Rebecca envies the contractors of the homeowner who ___. Options: 1) have, 2) has. Answer: ","1) have, 2) has",2,"[ChatCompletionTokenLogprob(token='2', bytes=[50], logprob=-0.08984229, top_logprobs=[TopLogprob(token='2', bytes=[50], logprob=-0.08984229), TopLogprob(token='1', bytes=[49], logprob=-2.454287), TopLogprob(token='The', bytes=[84, 104, 101], logprob=-16.277971), TopLogprob(token='(', bytes=[40], logprob=-18.880201), TopLogprob(token=' ', bytes=[32], logprob=-19.953056)])]"
94,47,recognize,nonIC,high_pl,Rebecca recognizes the contractors of the homeowner who ___.,"1) has, 2) have","1) have, 2) has","Sentence: Rebecca recognizes the contractors of the homeowner who ___. Options: 1) has, 2) have. Answer: ","Sentence: Rebecca recognizes the contractors of the homeowner who ___. Options: 1) have, 2) has. Answer: ","1) have, 2) has",2,"[ChatCompletionTokenLogprob(token='2', bytes=[50], logprob=-0.0071208533, top_logprobs=[TopLogprob(token='2', bytes=[50], logprob=-0.0071208533), TopLogprob(token='1', bytes=[49], logprob=-4.9483004), TopLogprob(token='The', bytes=[84, 104, 101], logprob=-15.655395), TopLogprob(token='(', bytes=[40], logprob=-18.765873), TopLogprob(token='Answer', bytes=[65, 110, 115, 119, 101, 114], logprob=-19.091518)])]"
95,48,value,IC,high_pl,Sebastian values the caretakers of the patient who ___.,"1) is, 2) are","1) are, 2) is","Sentence: Sebastian values the caretakers of the patient who ___. Options: 1) is, 2) are. Answer: ","Sentence: Sebastian values the caretakers of the patient who ___. Options: 1) are, 2) is. Answer: ","1) is, 2) are",1,"[ChatCompletionTokenLogprob(token='1', bytes=[49], logprob=-0.004807703, top_logprobs=[TopLogprob(token='1', bytes=[49], logprob=-0.004807703), TopLogprob(token='2', bytes=[50], logprob=-5.339967), TopLogprob(token='The', bytes=[84, 104, 101], logprob=-15.789121), TopLogprob(token='(', bytes=[40], logprob=-20.291319), TopLogprob(token='Option', bytes=[79, 112, 116, 105, 111, 110], logprob=-20.30059)])]"
96,48,jog,nonIC,high_pl,Sebastian jogs with the caretakers of the patient who ___.,"1) is, 2) are","1) are, 2) is","Sentence: Sebastian jogs with the caretakers of the patient who ___. Options: 1) is, 2) are. Answer: ","Sentence: Sebastian jogs with the caretakers of the patient who ___. Options: 1) are, 2) is. Answer: ","1) are, 2) is",1,"[ChatCompletionTokenLogprob(token='1', bytes=[49], logprob=-1.2948405e-05, top_logprobs=[TopLogprob(token='1', bytes=[49], logprob=-1.2948405e-05), TopLogprob(token='2', bytes=[50], logprob=-11.265665), TopLogprob(token='The', bytes=[84, 104, 101], logprob=-15.836721), TopLogprob(token='Option', bytes=[79, 112, 116, 105, 111, 110], logprob=-17.892088), TopLogprob(token='Answer', bytes=[65, 110, 115, 119, 101, 114], logprob=-18.759918)])]"
97,49,fear,IC,high_pl,Emma fears the colleagues of the architect who ___.,"1) has, 2) have","1) have, 2) has","Sentence: Emma fears the colleagues of the architect who ___. Options: 1) has, 2) have. Answer: ","Sentence: Emma fears the colleagues of the architect who ___. Options: 1) have, 2) has. Answer: ","1) has, 2) have",1,"[ChatCompletionTokenLogprob(token='1', bytes=[49], logprob=-0.24296516, top_logprobs=[TopLogprob(token='1', bytes=[49], logprob=-0.24296516), TopLogprob(token='2', bytes=[50], logprob=-1.5338626), TopLogprob(token='The', bytes=[84, 104, 101], logprob=-15.437169), TopLogprob(token='(', bytes=[40], logprob=-19.609112), TopLogprob(token=' ', bytes=[32], logprob=-19.801489)])]"
98,49,know,nonIC,high_pl,Emma knows the colleagues of the architect who ___.,"1) has, 2) have","1) have, 2) has","Sentence: Emma knows the colleagues of the architect who ___. Options: 1) has, 2) have. Answer: ","Sentence: Emma knows the colleagues of the architect who ___. Options: 1) have, 2) has. Answer: ","1) has, 2) have",1,"[ChatCompletionTokenLogprob(token='1', bytes=[49], logprob=-4.6444635e-05, top_logprobs=[TopLogprob(token='1', bytes=[49], logprob=-4.6444635e-05), TopLogprob(token='2', bytes=[50], logprob=-9.981641), TopLogprob(token='The', bytes=[84, 104, 101], logprob=-16.018265), TopLogprob(token='Answer', bytes=[65, 110, 115, 119, 101, 114], logprob=-19.288633), TopLogprob(token='Option', bytes=[79, 112, 116, 105, 111, 110], logprob=-19.576263)])]"
99,50,notice,IC,high_pl,Ryan noticed the consultants of the entrepreneur who ___.,"1) was, 2) were","1) were, 2) was","Sentence: Ryan noticed the consultants of the entrepreneur who ___. Options: 1) was, 2) were. Answer: ","Sentence: Ryan noticed the consultants of the entrepreneur who ___. Options: 1) were, 2) was. Answer: ","1) was, 2) were",1,"[ChatCompletionTokenLogprob(token='1', bytes=[49], logprob=-2.9756122e-05, top_logprobs=[TopLogprob(token='1', bytes=[49], logprob=-2.9756122e-05), TopLogprob(token='2', bytes=[50], logprob=-10.427293), TopLogprob(token='The', bytes=[84, 104, 101], logprob=-15.892688), TopLogprob(token='Option', bytes=[79, 112, 116, 105, 111, 110], logprob=-18.90298), TopLogprob(token='Answer', bytes=[65, 110, 115, 119, 101, 114], logprob=-19.29057)])]"
100,50,meet,nonIC,high_pl,Ryan met the consultants of the entrepreneur who ___.,"1) was, 2) were","1) were, 2) was","Sentence: Ryan met the consultants of the entrepreneur who ___. Options: 1) was, 2) were. Answer: ","Sentence: Ryan met the consultants of the entrepreneur who ___. Options: 1) were, 2) was. Answer: ","1) was, 2) were",1,"[ChatCompletionTokenLogprob(token='1', bytes=[49], logprob=-9.610702e-06, top_logprobs=[TopLogprob(token='1', bytes=[49], logprob=-9.610702e-06), TopLogprob(token='2', bytes=[50], logprob=-11.578699), TopLogprob(token='The', bytes=[84, 104, 101], logprob=-16.33536), TopLogprob(token='Option', bytes=[79, 112, 116, 105, 111, 110], logprob=-19.849264), TopLogprob(token=' ', bytes=[32], logprob=-19.854187)])]"
101,51,praise,IC,high_sg,Amy praised the guardian of the children who ___.,"1) was, 2) were","1) were, 2) was","Sentence: Amy praised the guardian of the children who ___. Options: 1) was, 2) were. Answer: ","Sentence: Amy praised the guardian of the children who ___. Options: 1) were, 2) was. Answer: ","1) was, 2) were",1,"[ChatCompletionTokenLogprob(token='1', bytes=[49], logprob=-1.6240566e-06, top_logprobs=[TopLogprob(token='1', bytes=[49], logprob=-1.6240566e-06), TopLogprob(token='2', bytes=[50], logprob=-13.530264), TopLogprob(token='The', bytes=[84, 104, 101], logprob=-15.360514), TopLogprob(token='Option', bytes=[79, 112, 116, 105, 111, 110], logprob=-17.98934), TopLogprob(token='Answer', bytes=[65, 110, 115, 119, 101, 114], logprob=-18.10613)])]"
102,51,talk,nonIC,high_sg,Amy talked to the guardian of the children who ___.,"1) was, 2) were","1) were, 2) was","Sentence: Amy talked to the guardian of the children who ___. Options: 1) was, 2) were. Answer: ","Sentence: Amy talked to the guardian of the children who ___. Options: 1) were, 2) was. Answer: ","1) were, 2) was",1,"[ChatCompletionTokenLogprob(token='1', bytes=[49], logprob=-1.0921943e-05, top_logprobs=[TopLogprob(token='1', bytes=[49], logprob=-1.0921943e-05), TopLogprob(token='2', bytes=[50], logprob=-11.476266), TopLogprob(token='The', bytes=[84, 104, 101], logprob=-14.656421), TopLogprob(token='Since', bytes=[83, 105, 110, 99, 101], logprob=-17.40622), TopLogprob(token='Option', bytes=[79, 112, 116, 105, 111, 110], logprob=-17.774227)])]"
103,52,hate,IC,high_sg,Jonathon hates the supervisor of the artisans who ___.,"1) is, 2) are","1) are, 2) is","Sentence: Jonathon hates the supervisor of the artisans who ___. Options: 1) is, 2) are. Answer: ","Sentence: Jonathon hates the supervisor of the artisans who ___. Options: 1) are, 2) is. Answer: ","1) is, 2) are",1,"[ChatCompletionTokenLogprob(token='1', bytes=[49], logprob=-5.8365e-05, top_logprobs=[TopLogprob(token='1', bytes=[49], logprob=-5.8365e-05), TopLogprob(token='2', bytes=[50], logprob=-9.75118), TopLogprob(token='The', bytes=[84, 104, 101], logprob=-16.146479), TopLogprob(token=' ', bytes=[32], logprob=-20.45704), TopLogprob(token='Answer', bytes=[65, 110, 115, 119, 101, 114], logprob=-20.78685)])]"
104,52,live,nonIC,high_sg,Jonathon lives next to the supervisor of the artisans who ___.,"1) is, 2) are","1) are, 2) is","Sentence: Jonathon lives next to the supervisor of the artisans who ___. Options: 1) is, 2) are. Answer: ","Sentence: Jonathon lives next to the supervisor of the artisans who ___. Options: 1) are, 2) is. Answer: ","1) are, 2) is",1,"[ChatCompletionTokenLogprob(token='1', bytes=[49], logprob=-1.0280384e-06, top_logprobs=[TopLogprob(token='1', bytes=[49], logprob=-1.0280384e-06), TopLogprob(token='The', bytes=[84, 104, 101], logprob=-14.375619), TopLogprob(token='2', bytes=[50], logprob=-15.901853), TopLogprob(token='Option', bytes=[79, 112, 116, 105, 111, 110], logprob=-16.116518), TopLogprob(token='Answer', bytes=[65, 110, 115, 119, 101, 114], logprob=-16.737606)])]"
105,53,blame,IC,high_sg,Natalie blamed the principal of the teachers who ___.,"1) was, 2) were","1) were, 2) was","Sentence: Natalie blamed the principal of the teachers who ___. Options: 1) was, 2) were. Answer: ","Sentence: Natalie blamed the principal of the teachers who ___. Options: 1) were, 2) was. Answer: ","1) were, 2) was",1,"[ChatCompletionTokenLogprob(token='1', bytes=[49], logprob=-0.00051800517, top_logprobs=[TopLogprob(token='1', bytes=[49], logprob=-0.00051800517), TopLogprob(token='2', bytes=[50], logprob=-7.565978), TopLogprob(token='The', bytes=[84, 104, 101], logprob=-18.217674), TopLogprob(token='(', bytes=[40], logprob=-20.614388), TopLogprob(token='Option', bytes=[79, 112, 116, 105, 111, 110], logprob=-21.199102)])]"
106,53,resemble,nonIC,high_sg,Natalie resembled the principal of the teachers who ___.,"1) was, 2) were","1) were, 2) was","Sentence: Natalie resembled the principal of the teachers who ___. Options: 1) was, 2) were. Answer: ","Sentence: Natalie resembled the principal of the teachers who ___. Options: 1) were, 2) was. Answer: ","1) was, 2) were",2,"[ChatCompletionTokenLogprob(token='2', bytes=[50], logprob=-0.17040612, top_logprobs=[TopLogprob(token='2', bytes=[50], logprob=-0.17040612), TopLogprob(token='1', bytes=[49], logprob=-1.853565), TopLogprob(token='The', bytes=[84, 104, 101], logprob=-15.955124), TopLogprob(token='(', bytes=[40], logprob=-19.371641), TopLogprob(token='Answer', bytes=[65, 110, 115, 119, 101, 114], logprob=-19.81912)])]"
107,54,help,IC,high_sg,Alex helped the counselor of the highschoolers who ___.,"1) was, 2) were","1) were, 2) was","Sentence: Alex helped the counselor of the highschoolers who ___. Options: 1) was, 2) were. Answer: ","Sentence: Alex helped the counselor of the highschoolers who ___. Options: 1) were, 2) was. Answer: ","1) were, 2) was",1,"[ChatCompletionTokenLogprob(token='1', bytes=[49], logprob=-5.5122365e-07, top_logprobs=[TopLogprob(token='1', bytes=[49], logprob=-5.5122365e-07), TopLogprob(token='2', bytes=[50], logprob=-14.934354), TopLogprob(token='The', bytes=[84, 104, 101], logprob=-15.728204), TopLogprob(token='Option', bytes=[79, 112, 116, 105, 111, 110], logprob=-17.750563), TopLogprob(token='Answer', bytes=[65, 110, 115, 119, 101, 114], logprob=-17.988882)])]"
108,54,greet,nonIC,high_sg,Alex greeted the counselor of the highschoolers who ___.,"1) was, 2) were","1) were, 2) was","Sentence: Alex greeted the counselor of the highschoolers who ___. Options: 1) was, 2) were. Answer: ","Sentence: Alex greeted the counselor of the highschoolers who ___. Options: 1) were, 2) was. Answer: ","1) was, 2) were",2,"[ChatCompletionTokenLogprob(token='2', bytes=[50], logprob=-0.0047620228, top_logprobs=[TopLogprob(token='2', bytes=[50], logprob=-0.0047620228), TopLogprob(token='1', bytes=[49], logprob=-5.3495193), TopLogprob(token='The', bytes=[84, 104, 101], logprob=-15.371427), TopLogprob(token='Answer', bytes=[65, 110, 115, 119, 101, 114], logprob=-18.72151), TopLogprob(token='(', bytes=[40], logprob=-19.017935)])]"
109,55,reproach,IC,high_sg,Tiffany reproached the intern of the executives who ___. ,"1) was, 2) were","1) were, 2) was","Sentence: Tiffany reproached the intern of the executives who ___.  Options: 1) was, 2) were. Answer: ","Sentence: Tiffany reproached the intern of the executives who ___.  Options: 1) were, 2) was. Answer: ","1) was, 2) were",2,"[ChatCompletionTokenLogprob(token='2', bytes=[50], logprob=-0.013024572, top_logprobs=[TopLogprob(token='2', bytes=[50], logprob=-0.013024572), TopLogprob(token='1', bytes=[49], logprob=-4.3474402), TopLogprob(token='The', bytes=[84, 104, 101], logprob=-16.125242), TopLogprob(token='(', bytes=[40], logprob=-19.566565), TopLogprob(token=' ', bytes=[32], logprob=-19.93661)])]"
110,55,study,nonIC,high_sg,Tiffany studied with the intern of the executives who ___.,"1) was, 2) were","1) were, 2) was","Sentence: Tiffany studied with the intern of the executives who ___. Options: 1) was, 2) were. Answer: ","Sentence: Tiffany studied with the intern of the executives who ___. Options: 1) were, 2) was. Answer: ","1) were, 2) was",1,"[ChatCompletionTokenLogprob(token='1', bytes=[49], logprob=-1.2664457e-06, top_logprobs=[TopLogprob(token='1', bytes=[49], logprob=-1.2664457e-06), TopLogprob(token='2', bytes=[50], logprob=-13.715413), TopLogprob(token='The', bytes=[84, 104, 101], logprob=-15.736218), TopLogprob(token='Option', bytes=[79, 112, 116, 105, 111, 110], logprob=-18.084219), TopLogprob(token='Answer', bytes=[65, 110, 115, 119, 101, 114], logprob=-18.454304)])]"
111,56,pacify,IC,high_sg,Samuel pacified the neighbor of the musicians who ___.,"1) was, 2) were","1) were, 2) was","Sentence: Samuel pacified the neighbor of the musicians who ___. Options: 1) was, 2) were. Answer: ","Sentence: Samuel pacified the neighbor of the musicians who ___. Options: 1) were, 2) was. Answer: ","1) were, 2) was",1,"[ChatCompletionTokenLogprob(token='1', bytes=[49], logprob=-2.4584822e-06, top_logprobs=[TopLogprob(token='1', bytes=[49], logprob=-2.4584822e-06), TopLogprob(token='2', bytes=[50], logprob=-13.055184), TopLogprob(token='The', bytes=[84, 104, 101], logprob=-15.193751), TopLogprob(token='Since', bytes=[83, 105, 110, 99, 101], logprob=-17.61103), TopLogprob(token='Option', bytes=[79, 112, 116, 105, 111, 110], logprob=-17.642393)])]"
112,56,chat,nonIC,high_sg,Samuel chatted with the neighbor of the musicians who ___.,"1) was, 2) were","1) were, 2) was","Sentence: Samuel chatted with the neighbor of the musicians who ___. Options: 1) was, 2) were. Answer: ","Sentence: Samuel chatted with the neighbor of the musicians who ___. Options: 1) were, 2) was. Answer: ","1) were, 2) was",1,"[ChatCompletionTokenLogprob(token='1', bytes=[49], logprob=-8.418666e-06, top_logprobs=[TopLogprob(token='1', bytes=[49], logprob=-8.418666e-06), TopLogprob(token='2', bytes=[50], logprob=-11.771535), TopLogprob(token='The', bytes=[84, 104, 101], logprob=-14.901673), TopLogprob(token='Since', bytes=[83, 105, 110, 99, 101], logprob=-16.4324), TopLogprob(token='Answer', bytes=[65, 110, 115, 119, 101, 114], logprob=-16.668869)])]"
113,57,detest,IC,high_sg,Julie detests the boss of the administrators who ___.,"1) has, 2) have","1) have, 2) has","Sentence: Julie detests the boss of the administrators who ___. Options: 1) has, 2) have. Answer: ","Sentence: Julie detests the boss of the administrators who ___. Options: 1) have, 2) has. Answer: ","1) has, 2) have",1,"[ChatCompletionTokenLogprob(token='1', bytes=[49], logprob=-3.7697225e-06, top_logprobs=[TopLogprob(token='1', bytes=[49], logprob=-3.7697225e-06), TopLogprob(token='2', bytes=[50], logprob=-12.534786), TopLogprob(token='The', bytes=[84, 104, 101], logprob=-16.23147), TopLogprob(token='Option', bytes=[79, 112, 116, 105, 111, 110], logprob=-18.49213), TopLogprob(token='Answer', bytes=[65, 110, 115, 119, 101, 114], logprob=-18.7094)])]"
114,57,visit,nonIC,high_sg,Julie visits the boss of the administrators who ___.,"1) has, 2) have","1) have, 2) has","Sentence: Julie visits the boss of the administrators who ___. Options: 1) has, 2) have. Answer: ","Sentence: Julie visits the boss of the administrators who ___. Options: 1) have, 2) has. Answer: ","1) has, 2) have",1,"[ChatCompletionTokenLogprob(token='1', bytes=[49], logprob=-7.9418505e-06, top_logprobs=[TopLogprob(token='1', bytes=[49], logprob=-7.9418505e-06), TopLogprob(token='2', bytes=[50], logprob=-11.786114), TopLogprob(token='The', bytes=[84, 104, 101], logprob=-15.497438), TopLogprob(token='Option', bytes=[79, 112, 116, 105, 111, 110], logprob=-18.76114), TopLogprob(token='Answer', bytes=[65, 110, 115, 119, 101, 114], logprob=-19.253292)])]"
115,58,thank,IC,high_sg,Ethan thanked the host of the guests who ___.,"1) was, 2) were","1) were, 2) was","Sentence: Ethan thanked the host of the guests who ___. Options: 1) was, 2) were. Answer: ","Sentence: Ethan thanked the host of the guests who ___. Options: 1) were, 2) was. Answer: ","1) was, 2) were",2,"[ChatCompletionTokenLogprob(token='2', bytes=[50], logprob=-0.0010314998, top_logprobs=[TopLogprob(token='2', bytes=[50], logprob=-0.0010314998), TopLogprob(token='1', bytes=[49], logprob=-6.877523), TopLogprob(token='The', bytes=[84, 104, 101], logprob=-15.422703), TopLogprob(token='(', bytes=[40], logprob=-18.54713), TopLogprob(token='Answer', bytes=[65, 110, 115, 119, 101, 114], logprob=-19.106806)])]"
116,58,ran,nonIC,high_sg,Ethan ran into the host of the guests who ___.,"1) was, 2) were","1) were, 2) was","Sentence: Ethan ran into the host of the guests who ___. Options: 1) was, 2) were. Answer: ","Sentence: Ethan ran into the host of the guests who ___. Options: 1) were, 2) was. Answer: ","1) was, 2) were",1,"[ChatCompletionTokenLogprob(token='1', bytes=[49], logprob=-0.13139604, top_logprobs=[TopLogprob(token='1', bytes=[49], logprob=-0.13139604), TopLogprob(token='2', bytes=[50], logprob=-2.0945194), TopLogprob(token='The', bytes=[84, 104, 101], logprob=-15.316796), TopLogprob(token='(', bytes=[40], logprob=-18.085869), TopLogprob(token=' ', bytes=[32], logprob=-18.313099)])]"
117,59,congratulate,IC,high_sg,Grace congratulates the director of the staff members who ___.,"1) has, 2) have","1) have, 2) has","Sentence: Grace congratulates the director of the staff members who ___. Options: 1) has, 2) have. Answer: ","Sentence: Grace congratulates the director of the staff members who ___. Options: 1) have, 2) has. Answer: ","1) has, 2) have",2,"[ChatCompletionTokenLogprob(token='2', bytes=[50], logprob=-0.00765395, top_logprobs=[TopLogprob(token='2', bytes=[50], logprob=-0.00765395), TopLogprob(token='1', bytes=[49], logprob=-4.876413), TopLogprob(token='The', bytes=[84, 104, 101], logprob=-14.821608), TopLogprob(token='(', bytes=[40], logprob=-18.207037), TopLogprob(token=' ', bytes=[32], logprob=-18.608732)])]"
118,59,work,nonIC,high_sg,Grace works with the director of the staff members who ___.,"1) has, 2) have","1) have, 2) has","Sentence: Grace works with the director of the staff members who ___. Options: 1) has, 2) have. Answer: ","Sentence: Grace works with the director of the staff members who ___. Options: 1) have, 2) has. Answer: ","1) has, 2) have",2,"[ChatCompletionTokenLogprob(token='2', bytes=[50], logprob=-0.00046975704, top_logprobs=[TopLogprob(token='2', bytes=[50], logprob=-0.00046975704), TopLogprob(token='1', bytes=[49], logprob=-7.6652875), TopLogprob(token='The', bytes=[84, 104, 101], logprob=-14.133971), TopLogprob(token='Answer', bytes=[65, 110, 115, 119, 101, 114], logprob=-18.188007), TopLogprob(token='Option', bytes=[79, 112, 116, 105, 111, 110], logprob=-18.24558)])]"
119,60,mock,IC,high_sg,Joseph mocked the trainer of the boxers who ___.,"1) was, 2) were","1) were, 2) was","Sentence: Joseph mocked the trainer of the boxers who ___. Options: 1) was, 2) were. Answer: ","Sentence: Joseph mocked the trainer of the boxers who ___. Options: 1) were, 2) was. Answer: ","1) was, 2) were",1,"[ChatCompletionTokenLogprob(token='1', bytes=[49], logprob=-4.9617593e-06, top_logprobs=[TopLogprob(token='1', bytes=[49], logprob=-4.9617593e-06), TopLogprob(token='2', bytes=[50], logprob=-12.260324), TopLogprob(token='The', bytes=[84, 104, 101], logprob=-16.646278), TopLogprob(token='Option', bytes=[79, 112, 116, 105, 111, 110], logprob=-19.423357), TopLogprob(token=' ', bytes=[32], logprob=-19.469702)])]"
120,60,carpool,nonIC,high_sg,Joseph carpooled with the trainer of the boxers who ___.,"1) was, 2) were","1) were, 2) was","Sentence: Joseph carpooled with the trainer of the boxers who ___. Options: 1) was, 2) were. Answer: ","Sentence: Joseph carpooled with the trainer of the boxers who ___. Options: 1) were, 2) was. Answer: ","1) was, 2) were",1,"[ChatCompletionTokenLogprob(token='1', bytes=[49], logprob=-0.000267296, top_logprobs=[TopLogprob(token='1', bytes=[49], logprob=-0.000267296), TopLogprob(token='2', bytes=[50], logprob=-8.227499), TopLogprob(token='The', bytes=[84, 104, 101], logprob=-17.487574), TopLogprob(token=' ', bytes=[32], logprob=-20.459763), TopLogprob(token='Answer', bytes=[65, 110, 115, 119, 101, 114], logprob=-20.979687)])]"